Transaction_Date,Region,Product_Category,Quantity_Sold,Sales_Amount
2021-06-04,South,Furniture,88,6202.003030216856
2016-12-29,South,Groceries,26,796.2242573878427
2023-07-18,East,Clothing,24,2093.148418705177
2019-05-08,North,Furniture,89,6432.24328973483
2011-12-26,East,Electronics,62,5494.908579864236
2014-01-30,South,Electronics,91,7764.047254313716
2012-04-16,South,Electronics,77,2602.6637982512166
2014-03-02,South,Electronics,49,2160.90421659369
2012-09-02,East,Electronics,20,1543.6143114628735
2013-10-21,West,Clothing,76,5244.049120019694
2010-10-09,East,Clothing,40,2693.5745317663354
2019-11-29,East,Furniture,51,2467.5247966282113
2013-08-24,North,Furniture,6,303.32298357173704
2022-02-15,South,Groceries,81,5197.877252290008
2023-01-11,South,Clothing,75,1851.952145977018
2021-09-07,North,Furniture,73,1323.1378907265187
2015-02-24,North,Groceries,46,2479.047516509924
2022-02-18,East,Clothing,6,560.8175133927213
2014-03-28,West,Groceries,48,1723.9475347396788
2011-03-25,East,Electronics,31,1845.9687566216328
2019-12-15,East,Furniture,88,2852.494959772115
2014-12-10,North,Groceries,31,2710.793998200848
2020-12-31,West,Groceries,61,4544.981602369505
2011-04-17,North,Furniture,65,2757.634066065651
2021-08-07,West,Groceries,59,3725.135010417069
2015-12-26,East,Groceries,17,295.97586824973763
2022-07-06,North,Electronics,15,1210.540885012964
2014-06-04,West,Furniture,19,767.7861468528483
2019-11-10,East,Groceries,47,3745.73718464528
2014-03-14,West,Groceries,45,836.3720573450234
2014-12-04,West,Furniture,55,1539.739676505412
2013-12-26,North,Clothing,99,3817.6256826728218
2018-07-02,East,Clothing,73,3854.696701249144
2019-11-22,North,Electronics,38,1790.287548938476
2017-03-16,South,Groceries,34,1639.029617864806
2022-12-28,East,Groceries,50,1142.1499916032485
2010-06-11,East,Electronics,64,2410.6307692581486
2012-04-22,West,Clothing,10,313.05696484297977
2022-11-29,South,Groceries,41,2495.5437629970497
2020-12-09,East,Clothing,46,2381.6540555555507
2012-10-08,South,Clothing,11,489.3048303387228
2022-06-21,West,Electronics,90,966.1651448299104
2016-09-01,South,Clothing,6,320.4185463689282
2020-03-03,North,Clothing,18,1376.839550135673
2015-01-04,East,Electronics,93,5947.083527692479
2023-08-06,East,Electronics,88,8686.395434385653
2015-02-15,East,Electronics,88,2466.9280969866677
2015-05-22,South,Clothing,88,6324.816870652674
2010-08-29,West,Furniture,58,4102.957052197178
2019-05-11,South,Groceries,27,2478.170273152957
2011-07-23,West,Clothing,14,1199.7967704342827
2017-08-11,East,Groceries,60,3612.8259946008206
2010-05-09,East,Clothing,94,7099.067965390086
2017-07-05,West,Electronics,30,947.306184404261
2023-07-25,South,Groceries,78,3489.3708026258623
2022-09-11,East,Electronics,26,1270.01292817974
2015-11-04,North,Groceries,21,1359.103800651719
2013-07-06,West,Clothing,67,3289.5295013455393
2016-11-08,North,Furniture,61,3052.551529160497
2013-03-10,East,Electronics,86,7050.257475412511
2022-06-17,South,Furniture,3,79.1614836184375
2015-06-30,North,Groceries,48,4515.391544136171
2021-12-24,West,Electronics,5,188.37834912314258
2018-11-24,West,Electronics,37,2206.446148320558
2021-05-10,West,Clothing,80,5805.375720755184
2019-05-04,South,Furniture,11,773.0392481457808
2023-06-23,South,Groceries,88,4481.117242630384
2012-08-31,West,Clothing,52,3916.8193813405283
2018-04-07,South,Furniture,30,695.594289000212
2022-07-24,North,Groceries,92,7141.204836474242
2013-05-08,South,Clothing,18,973.8667687632446
2014-07-30,South,Clothing,83,976.5472717915285
2019-08-16,West,Electronics,79,4078.58719302685
2017-02-26,East,Groceries,86,4141.722112077817
2023-12-04,West,Furniture,34,1483.0772448716775
2012-09-01,North,Furniture,18,741.0302831200615
2020-11-07,North,Furniture,61,862.5520658311443
2020-07-01,South,Groceries,78,1443.0182769588264
2020-08-18,West,Electronics,34,2690.927682336424
2012-07-24,North,Clothing,62,4749.044414020697
2014-05-16,East,Groceries,97,8444.078319806287
2011-03-29,North,Furniture,57,1552.2782472912359
2011-03-25,East,Clothing,86,1850.0862312730173
2015-09-25,North,Furniture,83,1600.2763570313307
2016-05-12,North,Electronics,98,5926.641100347561
2016-05-28,South,Groceries,9,228.93031978470515
2010-01-01,North,Groceries,12,152.92796709010474
2016-12-01,East,Groceries,67,2981.666716801704
2020-08-24,East,Groceries,47,575.9545555854351
2018-08-12,West,Groceries,16,1463.7975754065458
2012-08-07,North,Groceries,4,188.20843529151782
2017-11-14,East,Clothing,72,4893.1215162109365
2016-12-24,West,Clothing,8,431.9070151955012
2014-12-19,North,Furniture,74,1152.731032372658
2023-12-28,East,Groceries,10,597.3560930072047
2022-08-20,East,Furniture,14,1209.2677605650026
2023-08-15,East,Groceries,24,929.3360168662559
2020-05-13,East,Furniture,95,8534.174417979923
2017-03-07,South,Electronics,86,6425.454895496844
2019-04-01,South,Groceries,82,5332.693904918211
2012-10-07,North,Clothing,77,7172.029169094588
2014-09-11,West,Electronics,92,6187.099296825753
2015-06-09,North,Clothing,83,5977.404224929653
2022-06-29,North,Groceries,48,917.754437703057
2022-05-12,West,Groceries,51,2743.352015572828
2014-02-14,South,Groceries,32,1098.4063488053043
2020-09-03,South,Furniture,6,337.12978083019146
2021-05-02,East,Groceries,63,5764.094664251422
2016-08-11,South,Groceries,24,1898.6508218689614
2015-04-20,North,Furniture,55,1793.8786042488562
2017-08-26,East,Clothing,97,1295.3374201194563
2015-10-29,West,Furniture,37,1438.7094306908461
2018-02-16,East,Electronics,39,1750.105094025482
2014-07-04,East,Clothing,13,219.17739502468703
2011-02-28,East,Furniture,97,6526.345240390083
2019-03-19,East,Groceries,24,1731.173000792082
2010-11-20,East,Clothing,54,3011.6066104026745
2018-04-28,East,Groceries,44,1381.0499456849734
2011-08-11,East,Clothing,41,3995.8299471532287
2010-03-06,North,Clothing,100,8821.491727522169
2012-09-05,West,Furniture,13,939.5665757317615
2013-10-26,East,Clothing,29,568.3092225198703
2020-04-29,West,Electronics,10,694.4257581301724
2012-03-22,North,Groceries,4,287.56729056731746
2011-07-01,North,Furniture,64,4020.3886795496433
2020-03-25,North,Clothing,82,3153.1528999985007
2021-10-30,South,Groceries,50,2907.3986532953973
2010-07-24,North,Groceries,59,651.2734770509728
2011-12-29,North,Furniture,85,7098.676559635451
2020-07-30,West,Electronics,92,6209.980534407769
2012-06-19,North,Electronics,76,3206.7594856075816
2014-10-31,South,Electronics,94,2410.494826282238
2019-12-25,North,Groceries,91,5184.554984558147
2019-06-24,North,Furniture,62,5215.5098422343335
2014-05-03,South,Electronics,99,4892.04306653166
2020-03-10,South,Clothing,39,877.3089327342587
2016-05-16,North,Groceries,21,762.2697515949798
2023-07-10,South,Clothing,83,5454.151841359671
2013-03-03,East,Groceries,97,6884.170160207885
2011-09-03,North,Electronics,8,484.66775185964974
2023-09-20,West,Electronics,97,1170.7819709497458
2011-08-04,South,Groceries,53,2212.2541182130135
2014-12-28,South,Clothing,9,628.4480092363235
2019-09-20,North,Electronics,92,6633.600957859207
2013-07-29,South,Clothing,21,672.9343746044424
2015-08-07,North,Clothing,21,1668.2226478591515
2021-11-07,East,Electronics,1,22.232720026423934
2017-05-13,South,Groceries,61,2049.208170688231
2013-03-26,North,Clothing,21,696.8980595543856
2017-11-13,West,Clothing,68,3356.003318083342
2017-07-24,South,Groceries,62,2441.017885702835
2018-02-25,East,Clothing,49,1412.915469447835
2023-02-03,South,Groceries,70,3141.273599243103
2011-02-02,West,Electronics,9,715.6506349659833
2016-06-18,South,Groceries,26,1062.7638197102683
2017-12-11,West,Clothing,99,8366.685950944937
2023-01-22,East,Furniture,91,6950.1680817475335
2014-08-12,East,Electronics,97,8994.15778706017
2011-06-22,North,Groceries,24,476.3016030962167
2022-04-27,South,Groceries,47,1849.8529642610179
2020-01-08,South,Clothing,93,3776.0368717365404
2022-08-17,West,Clothing,81,6211.420320339325
2013-09-19,North,Electronics,38,2741.626920014897
2010-10-11,West,Furniture,7,73.18769368134673
2022-07-02,East,Electronics,83,3479.144403123871
2021-03-17,West,Clothing,43,1148.3931587714349
2023-09-20,South,Groceries,94,2028.6108903782447
2017-06-20,East,Furniture,26,2463.8419623484924
2016-10-27,East,Furniture,97,4456.321709258982
2018-06-28,South,Clothing,28,904.5122345388834
2012-05-22,North,Groceries,47,2265.7539592499415
2022-04-05,South,Groceries,5,234.69185230708632
2023-07-26,North,Clothing,6,528.3310208592402
2022-06-22,East,Electronics,98,7949.2398966437595
2012-09-18,West,Furniture,53,5254.074386380693
2014-07-08,West,Groceries,87,6356.370277098819
2015-03-02,West,Groceries,92,4893.953505458486
2018-09-08,West,Clothing,57,3977.953132340989
2013-09-19,West,Groceries,33,2428.0730977735016
2012-08-22,West,Clothing,30,1697.2013300590695
2022-04-27,West,Furniture,60,2065.974774393785
2014-02-22,West,Electronics,54,4293.014791414015
2010-07-16,South,Furniture,95,5467.792755306477
2012-03-12,East,Clothing,76,3681.23119034149
2010-02-18,South,Groceries,46,1070.7255273980193
2021-03-16,North,Electronics,46,2917.5541673619437
2010-06-04,North,Furniture,66,1267.9021354886781
2021-01-07,West,Groceries,92,3983.9350895630982
2015-10-05,North,Clothing,54,3594.185743573328
2016-02-24,West,Clothing,57,5259.015613799734
2016-01-26,South,Groceries,35,3049.2475859025744
2020-01-25,North,Groceries,54,3513.962803587616
2020-02-06,South,Furniture,27,1714.6975078131295
2020-07-20,South,Groceries,19,439.6384345168174
2015-03-06,West,Groceries,89,5056.686239357262
2022-08-03,South,Electronics,57,4426.285987235513
2021-03-03,North,Furniture,53,4449.220586753242
2012-04-07,North,Clothing,68,3396.4467807113183
2010-03-06,East,Clothing,47,3787.5291917478385
2020-07-28,South,Electronics,19,1407.913296904979
2016-01-12,East,Groceries,50,708.0732387534915
2016-08-08,North,Groceries,90,6063.916449860841
2010-07-12,East,Clothing,39,3725.5742469507463
2021-05-14,East,Groceries,63,3612.117789099407
2017-06-24,North,Furniture,25,1755.0627717057566
2015-12-18,South,Electronics,18,1516.178636223761
2014-07-30,South,Clothing,79,6205.383993730561
2019-02-02,East,Electronics,28,1664.429005020498
2012-03-20,South,Furniture,58,1856.469404653352
2013-02-03,South,Electronics,25,2132.721651004444
2021-05-29,East,Groceries,57,870.1012415113385
2015-06-09,North,Groceries,100,1379.279228122497
2013-10-30,South,Clothing,88,928.7177333611246
2013-02-27,South,Groceries,74,5240.609113141451
2014-02-24,West,Groceries,76,7486.784874239512
2015-03-09,West,Clothing,98,8992.827155480045
2019-12-19,East,Clothing,68,6313.722312621912
2021-05-12,South,Groceries,90,5350.593025575834
2015-10-19,South,Groceries,86,7188.921757363904
2014-01-30,North,Furniture,47,2441.8902410910987
2017-03-15,North,Electronics,76,3619.1450066617094
2019-12-08,South,Clothing,60,4616.967450374291
2016-10-13,West,Electronics,33,670.3240036027729
2012-02-03,East,Electronics,84,6711.6045415031385
2019-06-21,West,Furniture,12,1097.8495432494285
2015-12-13,South,Groceries,87,7943.270316302326
2013-04-01,East,Clothing,6,543.8008846884711
2019-03-05,West,Clothing,69,1351.6778413877287
2015-04-17,South,Clothing,91,7169.023404684873
2020-06-07,North,Furniture,59,4393.508075572621
2017-12-07,East,Clothing,41,2659.918000170619
2012-07-07,North,Clothing,25,1284.093295506252
2014-02-09,East,Electronics,60,1931.796137598054
2012-11-22,North,Groceries,16,410.03061855812274
2022-08-21,South,Electronics,12,801.9070804855372
2019-09-18,West,Electronics,88,7713.543084849334
2010-06-24,South,Electronics,51,4391.766261988545
2022-08-19,East,Groceries,77,4717.228803217826
2021-05-14,South,Clothing,15,339.3883087545785
2015-07-03,North,Electronics,11,164.07147660646254
2017-03-22,North,Groceries,24,1101.0129196745645
2013-01-06,West,Clothing,76,1041.4516794998544
2012-08-29,East,Furniture,4,40.026939719084396
2012-04-11,East,Electronics,16,700.9124786726638
2020-05-06,West,Clothing,52,3149.929468955307
2022-11-28,East,Furniture,28,1604.820150580706
2017-05-15,North,Electronics,2,170.49764823956394
2014-10-20,West,Furniture,76,6140.355631186134
2016-09-28,South,Clothing,12,159.91623532451945
2011-12-21,South,Electronics,27,2578.9916202743125
2016-03-07,South,Groceries,74,2196.438006265737
2013-07-04,South,Furniture,94,4212.097567492672
2010-08-03,West,Electronics,64,4863.19119288863
2012-08-17,West,Furniture,79,5865.951236524095
2022-05-05,East,Clothing,78,6905.291061611742
2016-12-01,South,Furniture,41,2895.600352472279
2012-11-02,North,Furniture,51,1655.6526931781655
2022-04-22,East,Electronics,29,1919.7800322868154
2020-01-11,East,Furniture,85,2199.5533142404797
2016-03-13,North,Groceries,63,4759.658406464044
2020-06-12,West,Electronics,58,1503.7104236484056
2017-09-05,North,Clothing,24,373.73192788729676
2012-12-02,East,Furniture,33,597.9648590487624
2020-03-31,East,Groceries,81,4653.958673337937
2020-06-15,North,Furniture,57,2916.065675497521
2019-09-11,North,Groceries,86,7073.89464751487
2011-10-20,South,Furniture,13,194.71834145451078
2011-02-16,South,Clothing,64,1091.0127806814905
2019-01-24,West,Electronics,26,435.4450210965243
2023-07-29,North,Furniture,29,2435.8414140789414
2014-08-04,West,Electronics,81,3703.64114812462
2010-11-28,South,Groceries,38,2237.3979240839913
2011-09-26,South,Electronics,39,849.7165034026673
2017-05-19,West,Groceries,27,2155.239801910377
2018-11-15,South,Groceries,27,1877.5785925620835
2016-01-02,East,Groceries,75,3540.8794024243507
2015-08-07,South,Furniture,50,3440.0560536011453
2021-04-19,East,Groceries,72,1303.6003205280865
2011-07-08,North,Furniture,17,1279.105471757803
2019-10-04,East,Electronics,50,3584.2569698173834
2010-05-03,South,Groceries,82,981.6310875851726
2016-01-22,South,Groceries,66,6228.429540718036
2011-04-23,West,Electronics,30,1301.4268612169044
2015-05-01,North,Groceries,82,4990.821366875071
2015-07-11,South,Furniture,14,205.1819461035259
2012-06-04,South,Furniture,45,1949.9340477789042
2016-05-18,South,Clothing,44,3553.921087083252
2018-05-06,South,Groceries,38,2112.108616805333
2018-07-19,South,Furniture,49,2878.541615891719
2016-07-22,North,Furniture,88,5920.337373160965
2019-07-18,North,Electronics,7,491.35203009962925
2010-10-25,North,Clothing,61,1461.7676970223094
2017-01-17,South,Electronics,53,4222.329603620139
2014-03-13,North,Groceries,21,322.9632025711808
2019-06-08,West,Electronics,38,1247.9671248002098
2011-08-14,East,Clothing,85,4877.652529985933
2020-10-08,South,Furniture,66,5459.650915934618
2012-08-29,East,Electronics,73,4421.763383742977
2020-06-24,East,Furniture,58,3868.6999202635657
2012-12-22,West,Furniture,82,7695.451006545503
2016-12-12,South,Electronics,59,5093.102638746407
2014-05-27,South,Clothing,55,3150.205345995939
2022-08-01,North,Electronics,81,2357.0595451924432
2023-01-09,West,Groceries,60,1713.7675574011796
2023-02-13,North,Clothing,53,2522.39515201367
2016-07-24,East,Furniture,15,310.9719236506737
2021-01-26,North,Furniture,20,341.9152855689691
2015-06-29,South,Clothing,88,2910.6427024672207
2010-05-25,East,Groceries,78,3564.208346715416
2011-06-09,East,Furniture,93,7150.053631547556
2016-03-02,North,Groceries,74,5861.366934570006
2019-03-28,East,Groceries,80,6538.367635595751
2015-09-09,East,Electronics,86,7051.291760207515
2010-12-24,South,Furniture,61,1654.091521394193
2019-08-11,East,Electronics,40,569.8273722092317
2017-06-17,West,Groceries,98,6516.483280526671
2018-03-21,East,Groceries,12,779.1588070549169
2018-09-25,East,Groceries,29,2795.439372564914
2012-04-08,East,Groceries,73,4071.477561617623
2019-01-28,West,Electronics,84,3646.359696303727
2018-08-05,South,Electronics,41,2414.2051072426248
2015-10-14,South,Electronics,20,826.9260391852093
2012-07-18,West,Clothing,89,3191.884816263207
2016-03-14,South,Groceries,65,2945.898407945337
2017-01-18,West,Clothing,96,2662.34141289956
2016-09-08,West,Groceries,65,4628.982795798551
2011-11-05,South,Groceries,26,631.8639589678594
2012-08-07,West,Furniture,83,2637.1434037107833
2011-05-25,West,Clothing,31,537.66673013349
2014-12-11,East,Groceries,27,2162.520754581207
2015-01-14,North,Electronics,42,3272.869749554482
2022-05-25,East,Groceries,89,3741.8204786282677
2016-01-10,South,Electronics,72,2302.5360234721707
2016-12-28,East,Clothing,8,445.6682948560461
2013-01-14,West,Clothing,91,8873.236638133721
2018-10-02,South,Groceries,4,357.82367889585885
2017-08-03,West,Clothing,24,1702.4142011863933
2016-03-11,West,Electronics,80,1472.8352469395372
2011-05-04,North,Groceries,93,3902.5563365765643
2018-12-12,North,Groceries,22,1267.6671620947382
2013-02-24,West,Clothing,30,1428.7532704980786
2021-07-09,East,Groceries,59,1587.6303110777176
2011-07-28,South,Furniture,73,7167.2541000455685
2022-12-31,South,Groceries,80,5116.472349206248
2010-11-27,South,Groceries,27,1363.329317685668
2021-10-16,North,Groceries,39,483.0721003335299
2013-05-31,South,Clothing,17,356.9581668683777
2014-10-28,East,Groceries,93,2383.2590515785496
2018-04-24,North,Furniture,61,5454.417732588327
2012-08-19,East,Electronics,91,8399.306411530519
2018-05-20,West,Clothing,47,4003.8104518653995
2023-10-26,South,Clothing,66,4672.57481466907
2014-07-24,East,Electronics,33,1455.3006475924508
2015-12-31,South,Clothing,97,9468.388617260474
2019-05-26,West,Groceries,100,3377.80152952948
2019-03-12,East,Electronics,8,81.36731286848041
2013-06-20,South,Clothing,54,4549.541221040151
2023-12-20,West,Clothing,83,4104.149271973054
2011-04-24,West,Electronics,31,1257.6589161407771
2010-08-12,East,Clothing,66,4308.530613110453
2010-12-15,East,Groceries,72,1627.7934506310353
2020-10-18,South,Clothing,74,4318.965614990714
2013-01-11,East,Clothing,25,2081.8077856838217
2018-01-15,East,Groceries,19,1871.8098450898694
2022-02-11,South,Groceries,17,346.22465956040344
2011-11-05,South,Groceries,78,7020.72000281237
2010-12-01,North,Clothing,85,4779.076997654556
2022-12-31,East,Electronics,69,5232.1296200610195
2022-08-12,East,Furniture,88,3401.8422939660554
2012-04-23,East,Clothing,80,4829.239569908049
2018-04-10,East,Clothing,64,4795.606601783645
2017-05-29,North,Electronics,34,3229.7760248265813
2018-10-03,West,Groceries,56,4887.797530234068
2022-01-12,West,Furniture,52,3519.284555248268
2020-03-16,East,Electronics,87,2878.548556571493
2019-03-30,South,Furniture,38,2987.1823342535063
2021-03-11,East,Electronics,68,3581.028223481786
2019-10-09,West,Clothing,53,4041.3727121689494
2014-12-07,West,Groceries,30,1238.3251309236714
2020-06-22,South,Furniture,29,2232.4694372042727
2011-08-02,South,Clothing,61,4293.913541814871
2017-12-01,West,Groceries,40,2524.6253403558776
2015-10-07,West,Furniture,62,2190.3144287834048
2011-07-16,East,Furniture,7,167.37113432520886
2020-05-28,North,Clothing,18,924.3724793170801
2013-04-05,East,Electronics,46,2860.654106932853
2018-09-06,East,Furniture,58,4145.571568034284
2012-08-04,South,Groceries,51,3816.173962893788
2022-07-04,South,Furniture,19,196.36736612328068
2020-07-20,West,Furniture,19,731.3652870338847
2015-05-27,South,Groceries,91,3171.3360837578925
2015-10-09,West,Furniture,84,7651.959386899402
2017-03-22,South,Furniture,87,2192.4247720807025
2016-08-06,South,Groceries,52,673.3965488964915
2011-12-21,North,Groceries,3,294.1307764595226
2018-07-05,West,Electronics,1,66.45085613969945
2016-09-21,West,Electronics,17,218.95976289984148
2014-02-03,South,Electronics,48,3331.0854054137735
2014-07-23,West,Clothing,3,287.51351209367147
2022-01-01,South,Electronics,86,5135.453596765293
2017-10-23,North,Electronics,37,1469.6239553168061
2013-04-05,East,Clothing,3,51.6299164634329
2023-08-23,West,Furniture,11,630.9325252234968
2012-08-26,South,Clothing,34,1687.7135774394949
2011-10-27,North,Groceries,48,4731.8411712996
2015-07-03,North,Clothing,85,5783.624068595312
2022-09-24,South,Electronics,100,8354.921022742352
2023-06-10,South,Electronics,90,8588.55569998439
2012-02-12,South,Furniture,99,7161.986010553339
2022-05-27,South,Electronics,81,3517.581837858341
2015-07-27,West,Clothing,16,715.7680341741392
2016-12-29,North,Groceries,94,6608.48513236402
2022-11-27,East,Clothing,62,5025.948244424983
2015-03-04,North,Clothing,24,484.26673772357105
2011-03-14,East,Electronics,49,2541.474909866205
2013-12-27,South,Clothing,97,1624.2191774505518
2013-11-30,North,Groceries,63,4643.3441486244055
2018-09-14,West,Groceries,22,666.3370939176073
2016-08-22,South,Electronics,58,4914.365322108895
2022-02-12,South,Furniture,35,1054.146306079673
2016-08-06,North,Furniture,72,4135.64303664372
2013-08-22,North,Electronics,76,5523.50355543203
2011-10-10,North,Furniture,90,8548.515387989359
2021-05-07,East,Furniture,2,127.59986766315573
2015-06-05,South,Groceries,48,3563.3458499458184
2017-06-12,South,Furniture,90,4304.461265820132
2017-11-17,South,Clothing,45,1427.51239040318
2021-10-04,West,Clothing,18,396.25217107983144
2013-06-17,North,Furniture,26,501.92252883938613
2011-03-09,West,Groceries,32,790.3990729512486
2018-02-04,South,Electronics,53,2620.8081570844847
2010-05-11,East,Clothing,44,1877.9664008715715
2021-02-14,North,Furniture,94,1496.4749110999362
2016-07-20,East,Furniture,16,580.3694285111272
2019-04-01,South,Furniture,12,1142.0927022443464
2021-05-09,East,Clothing,40,1924.3492395790506
2013-01-23,North,Electronics,1,93.27793179781665
2018-09-10,West,Clothing,24,1850.9125849313423
2017-09-15,North,Furniture,65,5138.161563329769
2017-11-27,South,Furniture,65,1045.448197062215
2010-02-03,South,Electronics,73,4421.500558816208
2014-12-18,East,Groceries,30,1167.64272671056
2014-02-08,West,Groceries,47,2545.075017721223
2016-11-12,West,Furniture,89,4773.6409549349655
2016-08-15,South,Furniture,48,4248.643026919803
2023-06-25,South,Clothing,36,1503.5929752381012
2012-06-27,East,Clothing,87,2068.507205461293
2013-08-17,West,Clothing,93,4953.737990134564
2023-04-28,South,Furniture,12,563.6560481163131
2021-06-01,South,Groceries,87,3943.2557080128413
2023-02-26,West,Groceries,10,896.6270916960739
2011-06-16,South,Clothing,84,7895.41895866077
2020-10-23,West,Electronics,11,438.8937479627343
2013-10-31,South,Clothing,19,783.1764123838733
2017-08-05,West,Furniture,43,499.61057820281616
2021-05-19,West,Groceries,99,6681.158343170514
2016-01-31,East,Groceries,5,132.49127285384623
2018-06-12,West,Clothing,9,826.4556355359477
2019-08-13,South,Clothing,32,2749.427199908628
2020-02-15,West,Furniture,85,3853.12749510499
2018-03-06,West,Groceries,73,2906.1876870325323
2014-03-27,North,Groceries,43,4019.470298262903
2014-08-09,North,Groceries,19,1416.8941724686758
2013-01-02,East,Electronics,93,5124.2167038809275
2014-02-06,South,Groceries,85,3486.1693626539295
2014-02-12,South,Electronics,100,7787.699979046882
2020-05-09,East,Clothing,25,791.9403237877214
2014-11-17,West,Furniture,13,418.84818575587394
2018-01-07,West,Clothing,52,2775.0728959557227
2014-01-31,West,Clothing,12,978.6875881895007
2015-05-05,West,Groceries,7,147.9182787712154
2017-02-27,North,Electronics,40,3303.776988049371
2021-10-13,West,Furniture,97,3508.5171460108827
2022-12-04,East,Groceries,19,389.91286640158495
2020-06-01,North,Electronics,19,432.19101828792526
2011-11-12,East,Electronics,85,3274.6490941579336
2010-05-25,South,Furniture,43,2047.5868910725503
2010-04-04,East,Furniture,9,147.04959985050223
2017-05-18,South,Furniture,97,4099.5608522481725
2017-04-05,West,Furniture,49,4732.053538693488
2016-09-30,North,Electronics,91,2231.8979232322336
2017-09-19,West,Furniture,60,4866.242845495893
2022-04-16,North,Furniture,52,1121.8834105741319
2014-02-28,East,Groceries,41,1496.7317537897495
2012-11-26,North,Furniture,19,1541.3280462266034
2012-02-15,North,Groceries,22,1687.2920505350442
2014-06-26,North,Furniture,3,90.41446771321674
2013-09-29,East,Clothing,67,712.4150196536618
2012-10-24,North,Clothing,77,6518.647590664522
2012-01-08,North,Clothing,73,1512.3398597782268
2013-04-02,South,Clothing,30,2820.8495704103652
2010-11-19,West,Furniture,72,4283.581306955406
2011-02-15,East,Clothing,5,84.76882677511612
2016-02-29,East,Furniture,47,2059.0363437603405
2019-10-26,East,Groceries,92,1296.5818538335889
2021-09-12,North,Clothing,56,2486.1354191553564
2016-02-15,West,Groceries,42,1534.2620138066966
2014-11-16,West,Furniture,87,1985.9712944343294
2011-09-29,East,Groceries,21,836.0107391902101
2011-10-16,East,Groceries,67,2537.0512009442496
2017-04-24,West,Groceries,14,515.7320072055973
2015-03-13,South,Furniture,19,203.0110372217435
2020-11-15,South,Electronics,1,42.06354966926214
2017-10-16,West,Clothing,43,437.5663334787621
2011-10-25,West,Clothing,85,2054.462599953033
2016-10-18,East,Electronics,12,926.2279947456013
2020-02-14,East,Electronics,85,4477.637830466516
2018-09-28,West,Groceries,49,4696.321876469885
2020-02-14,East,Furniture,14,963.9666628729505
2011-11-15,North,Clothing,21,2072.847746948042
2021-01-02,South,Electronics,79,3950.3957095422197
2017-01-16,West,Furniture,55,2811.820125765314
2020-04-19,East,Clothing,73,3689.1530441497557
2018-06-08,West,Furniture,71,3335.6365805038627
2021-03-30,South,Electronics,85,5933.628700201609
2023-02-11,North,Clothing,20,1124.9014624712897
2023-10-29,South,Clothing,5,224.2742628100866
2018-04-08,East,Electronics,96,4644.021238287437
2020-09-07,West,Clothing,14,1127.1259023786433
2016-09-23,South,Furniture,65,3052.2433496556423
2019-03-23,South,Furniture,18,446.85161934159476
2011-12-01,South,Electronics,76,5490.162472317758
2016-06-22,North,Groceries,96,6705.019830762522
2012-09-14,North,Clothing,45,1762.0111763523512
2023-03-29,North,Electronics,36,1059.6240939471052
2010-09-06,North,Furniture,89,6509.469692231551
2016-07-21,South,Furniture,65,2411.6287690765976
2014-03-29,West,Furniture,51,1347.7450717989343
2021-07-12,North,Furniture,94,7963.230339076584
2021-09-03,East,Furniture,52,1812.6398747026533
2013-01-11,East,Groceries,55,940.5626477621015
2011-11-29,South,Clothing,60,2734.2989199885287
2013-06-03,West,Furniture,80,6228.582966566679
2017-12-19,North,Clothing,48,4642.236980462405
2020-03-24,West,Electronics,62,2303.048903405883
2022-02-04,West,Electronics,16,1125.2029614448752
2012-12-06,West,Electronics,69,3528.517224492616
2022-05-25,North,Electronics,36,2771.1917717071155
2014-07-21,East,Electronics,74,2696.228634890817
2012-07-05,South,Clothing,22,756.615309287707
2021-04-14,East,Furniture,35,1697.7924067658162
2016-07-07,West,Furniture,36,2137.662842363946
2010-12-29,South,Clothing,17,640.6953606053204
2018-12-11,West,Groceries,99,9540.579572206729
2011-05-16,East,Electronics,52,1820.234693582108
2023-04-09,North,Furniture,63,3274.4629057346883
2017-03-07,West,Groceries,84,1590.4417668185847
2014-01-05,East,Clothing,86,6391.445377530175
2022-11-14,South,Clothing,15,619.8854664250722
2018-11-01,South,Electronics,23,2235.859533305715
2014-11-23,South,Furniture,87,3849.1056026047313
2015-09-26,West,Furniture,23,2279.4650792768675
2022-07-02,North,Furniture,7,413.7803193307272
2013-01-25,East,Groceries,44,978.6884349786637
2016-04-01,North,Furniture,49,4761.299544153077
2018-04-06,West,Electronics,27,1301.1244409318524
2019-02-11,East,Clothing,71,2963.3013669377856
2020-05-15,South,Groceries,79,3471.7241080077315
2019-10-24,North,Clothing,31,2029.9996029446106
2021-03-28,West,Furniture,11,211.6152389565132
2016-04-05,South,Electronics,20,1521.931853470562
2015-03-21,West,Groceries,90,1203.7969377480795
2012-05-18,South,Groceries,89,5749.642340422551
2013-01-22,North,Clothing,87,3391.5330922828703
2023-12-03,East,Groceries,96,2473.207281228474
2014-02-26,West,Groceries,78,5022.83882973486
2019-05-09,South,Electronics,50,3524.1514165741237
2011-08-07,West,Groceries,35,2741.9885149877905
2021-03-19,South,Clothing,47,1540.8502432226433
2019-11-08,South,Electronics,93,9250.569685106411
2022-12-25,South,Groceries,98,1870.4297718843427
2010-11-02,South,Furniture,77,5603.372277029272
2014-08-12,East,Clothing,92,7249.115130097517
2021-04-11,South,Electronics,94,1564.5554190214739
2014-06-20,South,Clothing,89,6346.100568111214
2016-08-14,West,Groceries,35,2520.0743162069894
2019-06-19,East,Groceries,21,1605.1193321152202
2018-08-28,North,Clothing,5,386.4098597581971
2019-04-21,North,Clothing,53,4683.091627048425
2016-08-29,West,Clothing,77,3362.240117776893
2018-03-25,North,Groceries,92,2860.722749630482
2023-03-12,North,Groceries,75,1193.2633222950853
2020-01-23,North,Clothing,78,4527.558447479341
2015-08-30,North,Groceries,94,6886.469341362315
2012-01-18,West,Clothing,13,326.7367668436902
2019-02-19,North,Clothing,18,1574.3608397166652
2012-09-15,East,Furniture,98,1170.0676025333037
2023-08-19,East,Furniture,57,4116.860044034296
2018-08-11,South,Groceries,17,1300.7382980444333
2010-06-17,South,Clothing,33,1616.0999004605692
2020-10-10,West,Groceries,39,3261.453465216446
2012-10-15,North,Clothing,3,223.18945487696294
2013-11-09,South,Groceries,79,5249.249828424923
2010-07-13,South,Furniture,37,2529.6397916304013
2019-08-17,East,Furniture,12,653.7570203911032
2019-03-13,South,Furniture,88,4310.911958399931
2020-05-30,East,Furniture,59,5510.513815169577
2015-08-28,North,Groceries,20,1287.9781009473675
2019-01-11,North,Groceries,70,4908.768810635492
2013-03-06,North,Clothing,77,1206.2959962842726
2017-04-07,North,Groceries,30,2280.073952245549
2011-11-17,East,Furniture,16,1165.831718069912
2012-01-18,East,Electronics,38,3078.9767763600157
2011-04-15,South,Electronics,3,177.12018311930075
2016-06-13,South,Furniture,82,4200.912315981459
2018-07-09,West,Electronics,100,4836.293259087144
2022-01-30,East,Electronics,51,3979.3282673507965
2021-01-24,West,Furniture,29,2365.5045975165217
2015-05-16,West,Clothing,22,534.0226373376034
2011-08-15,East,Furniture,17,1531.1096167547198
2021-11-16,North,Groceries,86,5403.568116497282
2017-11-19,South,Groceries,9,383.0528111421129
2021-11-05,West,Furniture,96,3991.0966823276717
2016-11-04,West,Clothing,78,2315.4716438379473
2013-05-04,South,Clothing,21,482.84612373328446
2017-12-01,South,Electronics,83,964.8584643203523
2010-10-12,South,Furniture,57,2360.0308918308456
2017-02-01,North,Clothing,96,1240.0336534699406
2023-12-10,West,Furniture,3,56.83566295462565
2016-10-10,South,Furniture,39,1449.501566456425
2010-11-08,South,Electronics,64,1106.1728706002536
2022-09-21,West,Groceries,36,3418.178717819682
2015-03-13,East,Groceries,65,3922.4753105270365
2010-10-13,West,Electronics,91,5508.1440586285335
2010-07-16,West,Electronics,52,3189.7978918201
2011-03-11,East,Clothing,64,1475.9091039015716
2017-07-10,East,Groceries,18,736.151787432615
2011-09-25,South,Furniture,11,795.3313247006677
2013-07-29,West,Groceries,14,740.4595999960605
2018-03-07,South,Clothing,30,341.8797320536548
2012-05-27,East,Furniture,3,213.07144894011108
2016-09-21,East,Clothing,85,3152.1067973004783
2021-04-14,South,Electronics,84,6383.864090834284
2011-04-25,East,Clothing,26,2598.606483874108
2020-10-16,East,Clothing,88,3667.476474161154
2020-08-04,South,Groceries,56,622.3938732019406
2023-01-22,East,Clothing,33,1200.058002626974
2022-07-13,North,Clothing,31,879.9370692725735
2022-09-22,North,Groceries,80,1169.0477992689455
2023-01-06,East,Electronics,41,1492.2929190510772
2014-05-01,East,Groceries,58,2075.514236961595
2011-07-01,West,Electronics,47,4275.929894185231
2011-11-10,North,Groceries,42,1002.984659013257
2023-03-07,South,Clothing,86,8549.323553948014
2018-12-07,West,Furniture,5,288.6994317109898
2021-07-14,South,Furniture,31,2213.4073756179937
2021-08-27,East,Electronics,35,2520.974812275491
2019-12-30,West,Groceries,44,3761.0492802502376
2023-11-28,West,Furniture,92,8061.911071600336
2020-01-01,West,Groceries,32,2727.923895948329
2022-07-25,North,Clothing,23,1752.1920603147018
2013-10-24,North,Clothing,68,6505.401358536744
2014-01-27,South,Furniture,69,1134.8240588282827
2023-05-08,South,Furniture,22,370.19243593509606
2014-02-20,South,Clothing,66,5784.034788990491
2012-01-01,East,Clothing,67,4576.25048861821
2011-07-31,West,Furniture,11,756.0319459858504
2017-09-18,South,Groceries,78,3299.0890214982246
2015-09-09,East,Furniture,8,672.093158007989
2020-08-27,South,Clothing,53,1616.1663862589828
2020-07-18,North,Electronics,32,2369.248512789651
2019-10-01,West,Groceries,89,1980.5329052155907
2023-07-15,South,Electronics,81,7960.213817323334
2020-10-14,North,Furniture,36,1258.4112291487072
2014-02-26,South,Furniture,33,2996.9579483291573
2011-12-21,East,Groceries,35,2359.241167057184
2010-04-18,South,Clothing,98,2441.0280297244367
2017-11-18,South,Electronics,94,4168.780228811422
2022-02-22,North,Furniture,41,2088.1194513411147
2015-04-19,North,Clothing,90,7063.697842126224
2010-02-07,East,Clothing,61,2650.205656569826
2012-02-09,North,Clothing,41,3720.2882886724683
2019-10-19,West,Clothing,71,4509.645434321835
2017-08-11,West,Clothing,37,1047.9170412639169
2015-02-25,North,Electronics,54,5185.14499739254
2011-10-07,North,Electronics,14,272.66694391917423
2011-09-06,South,Groceries,54,5364.940304762257
2016-06-16,South,Furniture,13,497.29008145793307
2012-04-06,South,Electronics,35,884.0254118970938
2018-07-23,South,Groceries,5,226.08275794634636
2013-06-06,East,Electronics,38,3054.2681692005244
2017-03-24,East,Clothing,99,2132.4102681078875
2011-10-21,East,Electronics,48,555.3134492034733
2022-02-17,West,Groceries,5,375.9428594997558
2011-08-25,South,Furniture,4,333.81788080445745
2013-09-26,East,Electronics,17,1164.1945518207942
2013-01-15,West,Furniture,78,7489.561967434332
2023-08-22,North,Furniture,98,9203.500040006102
2012-09-29,West,Furniture,65,2999.7113410553998
2016-10-11,West,Clothing,9,293.3832734102382
2023-10-11,South,Furniture,19,355.70747968748526
2016-05-17,East,Groceries,43,3627.861525162844
2012-11-20,South,Clothing,89,8546.556454685337
2022-12-07,North,Groceries,40,3289.849133515397
2017-01-03,South,Electronics,74,4874.683192948341
2011-12-29,West,Groceries,65,5607.581615874286
2021-05-31,North,Clothing,85,5212.817248938222
2021-11-03,North,Groceries,79,1991.9486662308716
2014-03-14,North,Groceries,52,1110.4428544640678
2010-11-26,East,Electronics,53,4459.88116413499
2018-01-03,West,Groceries,92,1799.8461046978487
2017-02-11,East,Furniture,56,3490.8720846796573
2012-09-19,West,Clothing,13,827.73245897642
2018-09-12,South,Groceries,66,2649.9060692584785
2014-01-31,West,Groceries,100,8940.017684313034
2014-02-27,West,Clothing,9,217.87150529558824
2019-02-01,South,Clothing,60,3519.937102944087
2010-11-27,North,Groceries,92,4349.872024629121
2011-06-30,East,Groceries,70,1050.882896649745
2011-01-13,North,Clothing,92,7562.763971643405
2013-06-17,North,Groceries,49,4346.971133381067
2015-11-02,South,Clothing,80,957.9902510098135
2022-08-25,West,Electronics,34,1322.0799175159036
2021-03-26,East,Groceries,77,4305.725253336141
2023-10-09,East,Clothing,93,1896.5301835128007
2022-12-06,South,Clothing,41,3510.1712737917924
2012-11-09,South,Groceries,39,2400.236425119472
2012-09-28,West,Clothing,32,2494.3727745996375
2021-12-23,North,Furniture,9,689.8343710869025
2011-07-01,West,Electronics,20,1967.859077709779
2021-05-07,West,Clothing,61,1151.3696175214386
2019-07-04,North,Clothing,24,472.6309230858546
2016-07-11,West,Electronics,32,1679.1638522398935
2011-01-10,East,Electronics,69,6070.977450575886
2011-05-14,East,Electronics,49,4104.762683828843
2020-03-01,West,Clothing,57,2731.2493618679014
2021-08-03,North,Furniture,55,2408.5263909942914
2016-05-13,East,Clothing,61,4637.925617805125
2014-12-21,East,Clothing,95,3053.563829331302
2010-04-10,West,Electronics,85,7767.076361350206
2014-04-19,East,Groceries,64,1714.5449639273918
2020-09-16,East,Electronics,92,1300.9981250634373
2015-05-15,East,Clothing,69,1174.543067945088
2023-02-22,West,Furniture,85,7553.4243263135895
2022-01-07,East,Groceries,84,3102.3926568585707
2019-04-30,North,Furniture,7,583.7704588208625
2017-07-20,North,Clothing,80,5435.488480565644
2015-06-30,East,Clothing,87,5444.521358113576
2023-11-29,South,Furniture,59,2830.5233275306077
2023-04-19,South,Groceries,63,4363.302317376312
2013-04-14,West,Groceries,87,2696.543800906916
2021-12-16,South,Clothing,58,5247.696618218293
2018-10-15,North,Furniture,46,3755.0833118371634
2020-02-16,East,Furniture,47,1181.705300098056
2021-01-01,North,Electronics,37,3587.7198296869105
2018-01-17,East,Clothing,97,5987.764193085989
2021-12-02,North,Groceries,55,887.5424330261095
2016-11-30,North,Furniture,88,8711.4184657514
2012-05-29,West,Clothing,87,1324.65684475654
2022-10-21,North,Clothing,64,5840.147906514686
2010-09-22,North,Clothing,43,2813.5355098316536
2010-09-06,East,Clothing,54,1270.3506777640173
2023-09-22,West,Furniture,91,8333.709567109869
2022-07-16,North,Furniture,100,9663.955464969991
2023-06-18,North,Furniture,30,1674.2479934171183
2018-04-22,South,Clothing,55,3541.500242129404
2015-12-01,North,Furniture,67,930.2257611426143
2014-08-23,East,Groceries,50,2828.670320689971
2015-07-22,West,Groceries,83,5815.154266710657
2011-10-28,North,Groceries,96,4184.420885320262
2017-06-25,West,Clothing,78,1403.5096858917523
2021-02-06,North,Furniture,28,1691.1322850029385
2019-09-22,South,Furniture,13,186.82687854753357
2022-09-27,North,Furniture,23,1351.6463896186397
2019-07-14,North,Groceries,62,2376.6158576086905
2017-01-25,West,Groceries,66,3238.584349670558
2012-06-23,West,Clothing,67,3184.009526344683
2019-04-03,West,Furniture,41,3018.2661257898317
2021-03-06,East,Groceries,33,736.3752122056952
2010-06-21,South,Furniture,32,2898.589734565933
2010-07-21,West,Clothing,56,3221.148603042499
2016-01-31,North,Clothing,35,393.5281192432087
2019-08-27,West,Clothing,94,6767.9517348235895
2017-11-01,East,Groceries,93,6934.855747298316
2015-09-28,West,Clothing,99,2928.8158987145675
2021-12-30,North,Furniture,16,608.9966948178751
2016-03-05,East,Furniture,13,586.666349430626
2020-11-27,North,Furniture,10,237.78380292861445
2016-02-23,South,Furniture,9,681.1301372705743
2013-06-25,West,Groceries,18,671.0484767057029
2022-04-04,North,Electronics,43,1892.6497221744485
2015-07-08,East,Groceries,89,3716.8622524951948
2013-02-26,North,Groceries,1,88.93098899147164
2021-09-22,West,Furniture,52,3065.2482316137402
2014-07-15,East,Groceries,27,2228.4510503690453
2017-06-16,South,Clothing,74,1936.7560108912955
2021-10-08,West,Clothing,54,3472.6761342075933
2022-07-17,North,Electronics,64,5477.504170942138
2011-07-08,East,Clothing,21,956.6925372696508
2017-07-12,West,Groceries,11,323.5143511020729
2015-12-24,East,Groceries,38,2535.3622368134324
2022-05-13,West,Furniture,21,1074.858125792532
2018-08-19,East,Electronics,23,1335.8012277982364
2022-10-12,North,Clothing,27,1592.8499231291366
2023-01-06,East,Furniture,97,7857.874807047425
2021-03-03,West,Electronics,45,3648.532180213641
2013-04-13,North,Furniture,71,1185.1186449889813
2012-10-13,West,Electronics,36,2962.690343502264
2012-10-04,East,Groceries,58,2618.1246244772697
2021-07-25,East,Clothing,64,1985.0275488213674
2022-06-25,West,Electronics,44,1700.0530892704458
2015-03-18,West,Clothing,10,300.6924739457147
2015-05-09,West,Clothing,64,2217.9876754938873
2023-03-27,West,Furniture,57,1281.4701490229204
2013-12-31,West,Clothing,33,2772.0196374104044
2018-01-06,North,Groceries,21,1912.404949142299
2013-10-19,West,Furniture,50,2235.2036836117354
2015-09-26,South,Furniture,60,4903.318548021827
2023-06-28,East,Furniture,24,1723.5059734883341
2015-10-16,West,Groceries,67,3481.6332175655493
2014-02-04,North,Electronics,81,8068.720841849335
2023-01-08,East,Electronics,59,2829.417223591
2015-11-29,West,Groceries,34,3010.3161547674963
2022-10-16,West,Groceries,66,5626.792886552085
2012-09-11,North,Groceries,21,1052.9711292076315
2023-06-30,East,Clothing,17,959.0211393839552
2019-07-18,North,Furniture,78,3906.3332687041807
2013-12-05,East,Clothing,22,359.1788661781244
2014-04-13,North,Clothing,65,1256.5131128456594
2022-05-14,East,Groceries,92,2978.5354028347965
2019-08-30,West,Groceries,22,1807.093329717652
2018-05-01,South,Groceries,59,981.6554643517798
2022-01-29,East,Electronics,59,810.7161876179616
2010-12-04,South,Clothing,90,3778.7032367429415
2022-11-29,West,Furniture,76,916.3510157869621
2011-02-28,North,Clothing,20,1357.1744830174816
2021-12-14,North,Clothing,4,268.9541716210972
2010-05-17,West,Clothing,20,641.3091605263812
2013-02-14,North,Furniture,97,2367.5117898951967
2020-05-01,East,Furniture,4,137.6246783875747
2015-08-30,North,Electronics,96,6243.469858535286
2019-12-08,West,Furniture,4,343.0676324745578
2019-12-31,East,Furniture,69,6431.040826547545
2023-06-03,East,Clothing,41,2396.1116514361015
2018-11-20,North,Groceries,32,2370.4510909147084
2012-06-10,West,Furniture,68,6437.217721224207
2013-08-10,West,Groceries,60,1106.9629802591517
2021-12-07,East,Clothing,14,1103.4150079673154
2017-03-28,North,Electronics,26,2398.035999784519
2013-10-11,West,Groceries,67,4337.488091861783
2021-05-12,East,Clothing,31,1157.1272445853892
2018-07-23,North,Furniture,54,3512.3398928174392
2015-05-25,East,Groceries,96,9306.95710911536
2011-08-13,East,Furniture,88,1076.1141130344408
2016-06-22,North,Clothing,83,5666.968766885628
2011-04-28,East,Groceries,31,1758.676247083487
2012-05-31,West,Clothing,90,1519.6087910742551
2016-06-06,North,Clothing,41,1346.692995420626
2019-07-30,South,Furniture,95,3207.1470329078834
2015-11-23,East,Clothing,77,1997.0407800328137
2018-02-23,West,Electronics,53,888.301814819756
2014-04-20,North,Furniture,72,2349.0383412621327
2022-08-24,North,Furniture,3,284.5257697504464
2022-05-12,South,Groceries,47,1784.168024083578
2014-07-27,West,Clothing,49,4328.707060126168
2020-10-03,South,Groceries,89,7338.298820881283
2017-08-12,East,Furniture,48,3123.7063485603994
2013-05-04,East,Furniture,80,6852.963075546805
2017-01-21,South,Electronics,85,4118.642639593257
2023-09-12,East,Clothing,61,794.3842244020078
2021-01-26,South,Furniture,57,3659.448116962087
2011-07-05,East,Electronics,48,3503.638718804866
2023-07-10,West,Clothing,23,2095.935180628443
2014-12-08,South,Electronics,97,7008.9400148990735
2015-09-15,West,Electronics,26,2568.683110533054
2016-08-22,East,Groceries,36,2926.341328262302
2023-11-25,East,Furniture,75,3626.2656712742505
2011-03-03,North,Groceries,81,2611.73678012031
2017-04-21,East,Furniture,17,860.8234017623518
2016-12-06,West,Electronics,38,1232.2094828767313
2022-08-13,West,Groceries,82,1606.217684018586
2013-11-12,West,Clothing,5,483.9339313934675
2015-11-22,East,Furniture,49,2899.948999951677
2021-01-13,South,Electronics,32,2544.4874511264024
2014-07-24,West,Electronics,83,8008.894992267289
2015-12-27,South,Electronics,75,1770.060935233584
2018-02-06,West,Groceries,41,1303.4421196556136
2011-10-13,South,Furniture,10,881.7557413123735
2014-04-01,North,Electronics,77,4471.567572763823
2018-01-04,West,Clothing,29,717.9501124037984
2019-10-30,North,Furniture,18,627.7150331467949
2014-03-13,West,Furniture,24,1135.532080077257
2022-11-24,East,Clothing,33,3150.5043669448
2012-10-22,North,Groceries,35,3318.578458546323
2015-11-10,North,Furniture,46,2920.942496870436
2018-04-19,East,Furniture,67,1022.6997233426794
2022-07-06,West,Furniture,95,4009.7076855084138
2013-08-01,East,Clothing,37,2890.2106061392933
2016-03-04,North,Electronics,27,1681.9228321505932
2017-02-23,South,Groceries,44,2169.1911020000443
2020-08-01,East,Clothing,8,152.63603058001084
2010-02-21,East,Groceries,90,7164.742259196714
2023-05-29,South,Clothing,40,1938.1009236819934
2022-09-19,South,Furniture,1,24.325669662750954
2022-04-17,South,Furniture,21,1549.134822449843
2012-10-10,West,Furniture,21,1082.0310687615872
2012-09-13,West,Furniture,4,58.239462666226075
2020-12-21,North,Furniture,12,314.4625425634325
2016-06-21,West,Electronics,13,919.6280559161395
2022-11-09,South,Electronics,51,3282.395214133239
2011-06-18,South,Clothing,88,1589.8289108361641
2017-05-07,North,Groceries,20,1961.9326691911133
2021-09-27,North,Furniture,91,6794.994853471825
2011-06-16,South,Electronics,59,1857.6100965110365
2015-11-19,West,Clothing,93,3143.88276278316
2014-04-21,South,Clothing,19,1804.304779887278
2023-06-30,North,Groceries,80,7174.625107277496
2020-12-30,South,Furniture,74,1162.344457415661
2023-04-30,South,Groceries,84,4510.620836510991
2021-05-30,West,Electronics,39,3430.0460576632236
2014-10-20,West,Furniture,48,1626.0963027220855
2011-10-09,West,Clothing,51,2934.7116266705852
2019-12-17,West,Clothing,23,899.6661921034737
2010-02-10,East,Clothing,72,1690.4316995688255
2011-03-11,North,Clothing,61,631.8040335933691
2022-11-18,South,Furniture,53,3335.873985844171
2010-01-20,North,Clothing,84,5732.023445455648
2014-12-31,West,Clothing,93,4168.424543813481
2014-12-18,East,Groceries,70,4708.498000279483
2021-04-12,East,Electronics,76,1312.0296016652367
2020-03-16,South,Clothing,55,3472.4048618598363
2013-01-27,West,Groceries,17,600.4807538628072
2017-10-01,North,Furniture,25,987.8178711193619
2017-09-08,West,Clothing,51,855.4284040783534
2014-04-08,North,Furniture,12,316.2237696350525
2017-12-10,South,Electronics,3,116.66402706205983
2015-06-28,West,Furniture,26,2420.8268056565125
2010-02-06,South,Furniture,90,2879.632800073066
2012-12-16,North,Clothing,71,6430.481717650974
2017-05-12,West,Electronics,90,2405.2967427621224
2020-06-22,West,Furniture,38,3541.5070646165073
2016-01-29,West,Electronics,68,3041.8521497890692
2018-10-01,East,Furniture,72,4390.207280070442
2013-11-04,South,Electronics,31,1741.2926935774829
2012-02-29,North,Furniture,53,5041.325478609278
2019-07-22,East,Electronics,52,2529.1815354616992
2017-09-16,South,Furniture,22,940.3998190116467
2015-11-04,West,Furniture,48,4592.56075921134
2015-12-12,East,Clothing,47,2273.7919985584767
2018-07-15,West,Electronics,70,2775.818422381235
2016-10-31,North,Clothing,32,2340.1655800311246
2018-11-03,East,Groceries,84,2243.900812271219
2012-01-12,East,Groceries,77,6621.036138349578
2020-05-21,West,Groceries,30,470.9661824875479
2013-05-18,North,Furniture,72,1465.3319661265978
2012-06-04,North,Furniture,47,1298.0343521609789
2020-04-01,East,Electronics,86,2426.6192837879935
2017-12-08,South,Electronics,46,1324.416379029589
2010-11-14,East,Furniture,14,1108.719322540009
2018-10-28,North,Groceries,58,633.2022551427776
2016-12-05,East,Clothing,27,2074.5426625415525
2013-08-24,West,Groceries,40,1292.097192707031
2012-03-15,South,Groceries,46,3512.0989503366513
2023-10-03,East,Groceries,65,5185.990496945619
2010-04-23,East,Electronics,80,7443.455054177359
2018-04-30,North,Electronics,67,2178.0342857246587
2015-04-06,North,Groceries,74,5547.530640436
2011-02-21,East,Furniture,50,3772.429509364558
2020-01-13,South,Electronics,19,1133.7389167562353
2016-12-10,North,Groceries,74,4074.7354769268973
2019-09-27,North,Furniture,24,280.0370047236538
2018-10-11,South,Electronics,54,847.9238369531481
2021-10-25,North,Groceries,68,1005.5129589309387
2017-07-28,East,Clothing,6,322.8193866093445
2022-07-22,South,Clothing,99,8522.466412786527
2019-10-19,North,Clothing,92,3445.7275073116807
2011-04-12,West,Electronics,96,2191.587449201603
2021-09-10,South,Furniture,8,259.0298867240273
2011-09-05,North,Electronics,82,3399.9096088377382
2020-09-13,South,Furniture,34,1805.3155460404414
2010-08-14,North,Furniture,61,5580.965385429704
2015-12-24,West,Clothing,34,759.5346101560667
2011-09-16,West,Clothing,54,4316.9607232845165
2019-01-21,West,Groceries,55,4089.7114220341723
2022-03-24,West,Furniture,1,41.294986920163666
2023-10-04,West,Electronics,41,3158.7259363491803
2020-09-27,South,Groceries,26,936.4655311890983
2016-09-27,West,Clothing,34,2496.4420163112745
2023-03-12,South,Furniture,84,2953.025759321643
2010-03-19,North,Clothing,20,970.0348826913495
2023-01-25,East,Furniture,55,1177.6552100521146
2011-06-24,East,Furniture,11,641.5961546880283
2023-09-14,South,Electronics,50,562.8662040917285
2013-06-02,South,Clothing,10,801.9915462009573
2019-01-13,East,Electronics,60,3324.9624288014475
2014-09-29,North,Clothing,58,3633.488217969255
2023-12-24,South,Clothing,16,984.8326741942142
2016-12-09,North,Groceries,44,2784.7345048622747
2022-07-27,South,Electronics,81,2321.6391058495674
2020-07-23,West,Groceries,54,4275.489967863473
2019-04-25,West,Clothing,80,4251.278523528899
2010-01-28,East,Clothing,53,1845.6358669283113
2022-02-25,West,Furniture,58,1244.4527593226255
2015-05-14,South,Clothing,69,5663.847672806099
2015-12-24,West,Furniture,7,653.6628263208762
2013-01-23,North,Furniture,39,3544.2612635056043
2012-05-10,East,Clothing,32,2772.3657599083012
2012-06-09,West,Furniture,32,2412.4464836194147
2016-05-24,West,Electronics,79,5422.113765396872
2018-06-23,East,Furniture,46,668.544718847859
