Date,Product_Category,Quantity_Sold,Price,Sales_Amount
2021-08-07,Clothing,5,22.172701522148948,110.86350761074473
2021-06-22,Groceries,7,56.52127966595072,395.64895766165506
2021-02-21,Groceries,4,13.175125989707233,52.70050395882893
2022-06-12,Electronics,6,50.5252455845684,303.1514735074104
2022-01-20,Furniture,4,34.703598327893204,138.81439331157281
2023-12-04,Clothing,9,90.61912921255893,815.5721629130304
2022-10-09,Clothing,8,77.29321253785126,618.3457003028101
2022-01-16,Electronics,2,31.996710819177313,63.993421638354626
2023-07-02,Electronics,10,91.94538864645082,919.4538864645083
2023-02-15,Electronics,5,19.223476361690803,96.11738180845401
2023-09-02,Electronics,8,92.55777031658211,740.4621625326569
2023-11-05,Clothing,2,61.27139125622103,122.54278251244206
2021-06-22,Electronics,9,52.67170465022336,474.04534185201027
2021-03-23,Groceries,5,90.49518865701329,452.4759432850664
2023-09-12,Clothing,7,82.46783983285091,577.2748788299564
2021-08-02,Furniture,7,62.58723044254608,438.1106130978226
2022-07-07,Clothing,4,81.82869416432317,327.31477665729267
2022-06-01,Clothing,10,79.61613418964458,796.1613418964458
2022-03-10,Furniture,10,29.60854017104824,296.0854017104824
2023-03-18,Electronics,1,97.44345049149537,97.44345049149537
2021-05-23,Electronics,9,13.567551115189131,122.10796003670218
2022-07-08,Furniture,2,92.77666678529948,185.55333357059897
2023-01-28,Furniture,9,34.66054348078506,311.94489132706553
2022-05-06,Groceries,9,84.94960717953295,764.5464646157965
2021-06-26,Groceries,2,25.35055857554357,50.70111715108714
2021-02-20,Electronics,9,84.54909247343952,760.9418322609556
2021-03-15,Furniture,9,32.61691414581114,293.55222731230026
2023-05-02,Furniture,1,67.63786169862988,67.63786169862988
2023-01-06,Groceries,3,84.64497130033226,253.93491390099678
2021-11-10,Furniture,3,66.7448518984021,200.23455569520632
2021-06-11,Groceries,1,62.33857132567764,62.33857132567764
2021-07-17,Clothing,10,94.29314911619036,942.9314911619036
2023-10-02,Electronics,10,47.88992831837395,478.8992831837395
2022-05-26,Furniture,8,80.1252728117541,641.0021824940328
2021-05-21,Furniture,10,73.69892976456947,736.9892976456947
2022-04-08,Electronics,2,49.985344025014484,99.97068805002897
2023-01-16,Groceries,7,46.227189671529324,323.59032770070525
2022-08-13,Electronics,7,64.56726296516341,451.97084075614384
2023-03-01,Groceries,4,65.19521624595973,260.7808649838389
2021-06-16,Groceries,6,55.403560873687184,332.4213652421231
2023-10-02,Clothing,4,80.10458734746241,320.41834938984965
2022-04-19,Electronics,2,54.32044928344164,108.64089856688328
2023-10-24,Furniture,1,12.51094518929262,12.51094518929262
2023-08-30,Clothing,1,15.501609954927593,15.501609954927593
2022-07-10,Electronics,4,73.11011745210227,292.4404698084091
2023-04-15,Electronics,3,46.468996598265605,139.4069897947968
2023-02-27,Clothing,4,85.22457500963094,340.89830003852376
2022-01-26,Electronics,9,90.81143566904481,817.3029210214033
2023-07-22,Electronics,9,40.19446637920477,361.7501974128429
2021-09-20,Electronics,9,99.06671073011,891.60039657099
2023-12-18,Furniture,5,63.51003068137206,317.5501534068603
2023-09-27,Furniture,9,27.003579194623132,243.0322127516082
2022-12-23,Groceries,7,15.510016600422023,108.57011620295417
2021-04-08,Clothing,7,35.48759727782719,248.41318094479033
2023-08-12,Clothing,6,37.455637877680815,224.7338272660849
2023-05-13,Clothing,9,51.80479815777047,466.2431834199342
2021-06-03,Clothing,9,57.29083630935898,515.6175267842308
2023-09-10,Groceries,3,20.94589099310112,62.83767297930336
2023-01-31,Electronics,1,18.161331862678605,18.161331862678605
2022-11-29,Groceries,10,23.877677961925883,238.77677961925883
2023-07-18,Electronics,4,19.075654595448015,76.30261838179206
2021-06-01,Electronics,6,16.41593197583948,98.49559185503688
2022-05-26,Electronics,10,92.10732112923155,921.0732112923155
2023-09-17,Electronics,10,77.21189598469353,772.1189598469352
2023-09-12,Electronics,4,28.118855825113588,112.47542330045435
2022-04-06,Groceries,7,44.52575490271234,311.6802843189864
2021-04-05,Electronics,6,76.01458684025414,456.08752104152484
2021-04-27,Electronics,8,29.81987196902378,238.55897575219024
2021-06-18,Clothing,10,49.148582367547526,491.4858236754753
2022-06-24,Groceries,4,90.40300143008501,361.61200572034005
2021-06-29,Groceries,2,73.3910661369868,146.7821322739736
2022-03-19,Clothing,8,18.633664771218946,149.06931816975157
2022-05-21,Clothing,10,80.69968039917147,806.9968039917147
2023-01-10,Furniture,4,67.45223130302088,269.8089252120835
2021-11-07,Furniture,1,73.29893627708768,73.29893627708768
2022-07-14,Clothing,9,40.28857043057094,362.59713387513847
2023-03-25,Clothing,2,64.53069153560651,129.06138307121302
2023-12-29,Electronics,4,31.554014853929814,126.21605941571926
2022-11-14,Groceries,2,68.21926306655365,136.4385261331073
2021-11-03,Electronics,3,74.05052658396885,222.15157975190652
2023-05-15,Clothing,2,24.168356443499746,48.33671288699949
2022-03-26,Furniture,9,63.81546063517734,574.339145716596
2022-08-02,Furniture,6,61.35599471789911,368.13596830739465
2022-03-17,Clothing,1,77.62398607501126,77.62398607501126
2021-07-26,Electronics,10,67.52904351062455,675.2904351062455
2021-06-22,Groceries,2,57.30534729153852,114.61069458307703
2023-05-23,Furniture,3,48.847906471718765,146.5437194151563
2021-10-08,Clothing,2,75.04897473240953,150.09794946481907
2022-09-27,Electronics,8,66.74839787427652,533.9871829942122
2022-06-04,Clothing,5,97.53536779430858,487.6768389715429
2021-08-26,Groceries,3,48.98508354727477,146.9552506418243
2022-03-15,Groceries,9,71.57328918358812,644.1596026522931
2021-02-04,Clothing,2,49.13198713723468,98.26397427446936
2021-06-09,Clothing,8,33.57112237643955,268.5689790115164
2023-06-14,Groceries,8,60.96714231615304,487.7371385292243
2021-03-09,Furniture,2,46.48495756515128,92.96991513030255
2023-12-12,Furniture,4,97.08041056132228,388.3216422452891
2023-04-27,Furniture,3,16.700417896786124,50.10125369035838
2021-03-25,Clothing,7,15.070480662745346,105.49336463921742
2022-08-29,Groceries,1,21.902203072032194,21.902203072032194
2023-04-20,Groceries,7,31.621327328432358,221.3492912990265
2022-05-17,Groceries,4,61.81546353806961,247.26185415227843
2021-01-07,Clothing,10,20.22297537310896,202.2297537310896
2023-02-09,Electronics,1,10.954485757697581,10.954485757697581
2021-10-24,Groceries,2,75.28482927005861,150.56965854011722
2022-06-08,Furniture,4,99.50742837105066,398.02971348420266
2023-11-14,Groceries,3,20.639818824801047,61.91945647440314
2021-03-08,Clothing,5,51.79583386602373,258.9791693301186
2022-02-09,Furniture,6,69.09250762670209,414.5550457602125
2023-03-29,Groceries,3,77.06051873937461,231.18155621812383
2022-09-28,Clothing,10,32.154412286758564,321.54412286758566
2023-05-28,Furniture,3,89.04439297531799,267.133178925954
2022-12-15,Electronics,2,63.90885720687141,127.81771441374282
2023-12-03,Clothing,8,68.51783609033694,548.1426887226955
2022-11-20,Groceries,10,45.03250214964811,450.3250214964811
2021-01-10,Furniture,9,38.621448938923095,347.59304045030785
2021-02-18,Clothing,3,39.15324261548469,117.45972784645409
2021-08-15,Electronics,9,10.552676567893718,94.97408911104345
2021-07-21,Groceries,2,36.47110886160387,72.94221772320773
2022-01-26,Electronics,8,22.77641306263598,182.21130450108785
2022-04-01,Furniture,9,34.79813859926442,313.18324739337976
2022-02-12,Furniture,4,24.41669438820916,97.66677755283663
2021-03-12,Furniture,10,94.77609867917272,947.7609867917272
2022-11-03,Groceries,10,20.02887614237425,200.28876142374253
2021-01-20,Clothing,3,91.89448136556645,275.68344409669936
2022-08-03,Furniture,5,91.3856913762378,456.928456881189
2021-06-15,Electronics,8,80.1581798398435,641.265438718748
2023-06-14,Clothing,7,92.89435028878752,650.2604520215126
2021-12-13,Electronics,8,18.120580814564512,144.9646465165161
2022-10-25,Groceries,10,45.91570520782496,459.15705207824965
2021-05-11,Furniture,6,97.23964586296617,583.437875177797
2022-02-20,Clothing,7,38.150960105121584,267.05672073585106
2021-11-04,Furniture,7,68.90585193359348,482.3409635351544
2023-11-25,Groceries,10,80.75945209563399,807.5945209563399
2023-09-01,Clothing,7,50.23919847865165,351.67438935056157
2021-04-30,Furniture,10,26.104562926854477,261.04562926854476
2022-11-22,Clothing,1,18.69997312451717,18.69997312451717
2023-09-03,Clothing,4,23.3063098143945,93.225239257578
2023-02-05,Clothing,10,19.706917041691682,197.06917041691682
2022-02-03,Groceries,4,53.351193253918844,213.40477301567537
2022-08-18,Groceries,4,86.74819109715682,346.9927643886273
2022-04-18,Groceries,5,91.6916774931664,458.45838746583195
2021-06-03,Electronics,10,19.94472832401015,199.4472832401015
2023-09-24,Furniture,2,33.84906501468144,67.69813002936289
2021-08-27,Clothing,9,51.105198134594296,459.94678321134865
2022-01-10,Clothing,5,48.25083268680471,241.25416343402355
2021-11-26,Electronics,8,31.172329635627868,249.37863708502294
2023-12-19,Groceries,10,12.324999297343751,123.24999297343751
2021-11-01,Groceries,3,10.875601171967364,32.6268035159021
2022-05-27,Clothing,9,13.57905975580545,122.21153780224904
2022-07-07,Furniture,1,44.13072054615476,44.13072054615476
2021-02-27,Groceries,7,90.88138317526695,636.1696822268686
2022-12-02,Groceries,4,84.74021206821327,338.96084827285307
2023-06-15,Electronics,9,21.964766057249804,197.68289451524822
2021-03-16,Furniture,10,72.72115158700791,727.2115158700791
2023-01-17,Clothing,8,29.777582127220626,238.220657017765
2022-12-22,Furniture,3,26.291817292778955,78.87545187833686
2022-12-16,Clothing,3,21.14868214268447,63.446046428053414
2021-07-09,Groceries,2,71.5649239816664,143.1298479633328
2023-02-14,Clothing,10,63.60257125495472,636.0257125495472
2023-06-22,Electronics,5,94.40447153124329,472.02235765621646
2022-08-26,Groceries,7,97.81024769000236,684.6717338300165
2021-06-15,Clothing,4,13.94892884289834,55.79571537159336
2022-03-15,Clothing,6,51.369597746920086,308.2175864815205
2022-11-21,Groceries,6,88.64542493668301,531.8725496200981
2021-01-27,Furniture,1,11.857220377461175,11.857220377461175
2023-10-16,Groceries,7,50.54451862913887,353.8116304039721
2021-05-30,Clothing,7,94.36980390236694,660.5886273165686
2022-02-04,Furniture,3,70.03113920896013,210.09341762688038
2021-01-30,Groceries,5,83.79573064626958,418.9786532313479
2021-09-20,Clothing,8,59.19886822510424,473.59094580083394
2023-05-24,Electronics,7,34.68269683737661,242.77887786163626
2022-10-15,Clothing,3,92.04351405054754,276.13054215164266
2022-01-02,Groceries,3,52.81212953805996,158.4363886141799
2022-01-03,Clothing,2,20.875605145293527,41.75121029058705
2021-09-14,Furniture,10,27.169086020131594,271.69086020131596
2022-09-21,Electronics,10,43.620168826619704,436.20168826619704
2021-12-22,Clothing,4,17.588729551709424,70.3549182068377
2021-11-01,Electronics,5,62.22850858306018,311.1425429153009
2021-05-24,Furniture,2,19.290912791373984,38.58182558274797
2023-12-17,Electronics,3,66.17186402529653,198.51559207588957
2023-09-25,Groceries,9,84.63952237131932,761.7557013418739
2021-09-12,Groceries,4,70.11374493364951,280.45497973459806
2022-10-31,Clothing,8,38.8202208547209,310.5617668377672
2022-09-08,Furniture,5,68.7715498155898,343.85774907794894
2022-02-09,Electronics,3,43.68277307972805,131.04831923918414
2023-11-23,Electronics,3,11.387915805016325,34.163747415048974
2022-09-19,Electronics,3,94.37354644731403,283.1206393419421
2022-06-19,Furniture,1,96.15740075809552,96.15740075809552
2023-04-27,Furniture,9,95.38191034912224,858.4371931421001
2023-04-22,Electronics,5,74.59361175146643,372.96805875733213
2023-11-13,Electronics,5,74.77815726396997,373.8907863198499
2022-01-30,Groceries,9,39.3470731417772,354.1236582759948
2021-07-19,Clothing,9,67.83687247834405,610.5318523050964
2023-02-13,Clothing,8,70.71471384791246,565.7177107832997
2021-10-08,Groceries,6,16.317372189504002,97.90423313702402
2022-02-28,Electronics,2,66.30322583382323,132.60645166764647
2021-09-11,Clothing,10,91.26643408978525,912.6643408978525
2022-04-07,Furniture,2,55.14864678639936,110.29729357279872
2021-06-02,Electronics,8,48.9364514520962,391.4916116167696
2022-02-15,Electronics,2,14.121797891936062,28.243595783872124
2023-01-30,Groceries,10,60.216463132546394,602.1646313254639
2022-11-30,Clothing,6,13.626254755676818,81.75752853406091
2021-05-20,Furniture,10,89.49570643874902,894.9570643874903
2021-12-30,Groceries,1,97.33083975206797,97.33083975206797
2021-03-18,Furniture,1,65.68821759161231,65.68821759161231
2022-02-07,Electronics,8,49.38105156762126,395.0484125409701
2023-10-03,Electronics,6,93.48824149964682,560.9294489978809
2022-04-22,Furniture,4,95.35773623320601,381.43094493282405
2021-11-10,Furniture,7,18.92177500617074,132.45242504319518
2022-06-22,Electronics,4,54.182639914050974,216.7305596562039
2023-03-31,Clothing,5,44.03287136471076,220.1643568235538
2023-10-25,Electronics,10,47.984527663247114,479.84527663247115
2022-01-26,Clothing,4,91.77301356934265,367.0920542773706
2021-07-29,Electronics,5,55.3209536284075,276.6047681420375
2023-01-16,Groceries,9,76.1095369837873,684.9858328540856
2023-06-24,Furniture,4,38.53136856143617,154.12547424574467
2023-10-29,Groceries,1,21.255339742903125,21.255339742903125
2021-01-22,Electronics,10,71.56830128124594,715.6830128124593
2023-10-13,Groceries,9,58.5123641043871,526.6112769394839
2021-04-05,Clothing,4,18.082151269772407,72.32860507908963
2022-12-28,Furniture,2,85.1277103239978,170.2554206479956
2023-07-31,Groceries,9,37.92690711844625,341.34216406601627
2022-05-21,Groceries,2,13.52134217571242,27.04268435142484
2021-11-18,Clothing,2,43.770514263849215,87.54102852769843
2023-10-24,Clothing,1,18.351487377504746,18.351487377504746
2022-09-11,Electronics,9,78.95045671855647,710.5541104670082
2023-03-19,Furniture,9,85.9252654196246,773.3273887766213
2022-02-02,Groceries,8,85.270747349538,682.165978796304
2022-01-26,Clothing,4,36.03727902156713,144.14911608626852
2023-08-12,Electronics,9,58.328409320039896,524.9556838803591
2022-03-07,Electronics,2,80.58942148405066,161.17884296810132
2022-10-15,Clothing,9,77.95061151145786,701.5555036031208
2023-07-29,Groceries,9,18.350917704966115,165.15825934469504
2021-02-07,Groceries,9,78.20238439460368,703.8214595514331
2023-12-27,Clothing,10,93.13766618675467,931.3766618675468
2022-10-22,Clothing,1,39.35474692997183,39.35474692997183
2021-07-29,Groceries,1,35.06104068189622,35.06104068189622
2023-11-19,Clothing,2,32.1198837405728,64.2397674811456
2023-08-02,Groceries,6,10.975062695791541,65.85037617474924
2023-04-04,Electronics,9,80.65004664254029,725.8504197828626
2023-10-09,Furniture,1,97.71937060534357,97.71937060534357
2022-02-08,Electronics,1,97.75616112370834,97.75616112370834
2021-10-09,Groceries,9,47.11928455480202,424.07356099321817
2021-01-18,Electronics,6,85.34272713812177,512.0563628287307
2021-01-22,Clothing,3,55.59694569658209,166.79083708974628
2022-07-25,Clothing,4,90.27389820119237,361.09559280476947
2023-12-19,Groceries,8,51.04318980190577,408.34551841524615
2022-06-20,Clothing,8,99.34711874608594,794.7769499686875
2021-08-25,Groceries,3,89.7393456885696,269.2180370657088
2021-03-27,Groceries,6,56.60166032945076,339.60996197670454
2021-05-02,Clothing,9,91.9578036800666,827.6202331205994
2022-06-23,Electronics,7,24.528799700984745,171.70159790689323
2022-01-07,Electronics,3,78.61696385965136,235.85089157895408
2022-10-12,Electronics,9,65.6909329576821,591.2183966191388
2023-04-17,Furniture,5,33.294044792043465,166.4702239602173
2023-05-28,Electronics,5,32.2422130614199,161.21106530709952
2022-12-19,Groceries,4,66.81549266661088,267.2619706664435
2021-01-22,Electronics,5,78.35411726750898,391.7705863375449
2021-03-18,Clothing,8,58.91897784460829,471.35182275686634
2023-11-06,Groceries,1,99.24962359078484,99.24962359078484
2023-07-29,Clothing,2,28.094693341824957,56.189386683649914
2023-01-13,Clothing,5,66.84187722190725,334.20938610953624
2021-06-28,Furniture,8,84.6007442982108,676.8059543856864
2023-10-06,Clothing,5,11.146995215184276,55.73497607592138
2022-01-25,Electronics,9,21.339218151103466,192.0529633599312
2023-08-30,Furniture,7,15.503303922912327,108.52312746038629
2021-08-28,Groceries,8,65.42851732550274,523.4281386040219
2021-12-16,Clothing,5,58.71523180505654,293.5761590252827
2021-12-01,Groceries,10,80.95463842147362,809.5463842147362
2022-08-06,Clothing,5,88.09266525935938,440.4633262967969
2021-07-04,Electronics,4,49.94030690267154,199.76122761068615
2022-03-06,Groceries,4,83.52306018938965,334.0922407575586
2022-06-18,Furniture,8,64.4604640169496,515.6837121355968
2023-08-02,Groceries,9,27.16729036749901,244.5056133074911
2023-09-14,Groceries,1,71.3097459044233,71.3097459044233
2022-12-05,Furniture,6,37.65163209557097,225.90979257342582
2021-11-25,Furniture,5,42.064522360932806,210.32261180466404
2021-01-29,Groceries,3,61.887745185597105,185.6632355567913
2022-11-08,Groceries,3,64.43392119781501,193.30176359344503
2023-08-10,Groceries,9,65.57198483016491,590.1478634714841
2021-01-22,Groceries,5,51.23651909136591,256.1825954568296
2022-02-27,Electronics,8,98.8059260647379,790.4474085179032
2022-01-24,Electronics,2,94.48115324927849,188.96230649855698
2022-04-16,Furniture,5,32.123699252435344,160.61849626217673
2022-12-22,Furniture,6,56.03991806173022,336.2395083703813
2023-03-14,Electronics,9,45.85387245953532,412.68485213581783
2022-07-16,Furniture,9,47.46757669703658,427.2081902733292
2022-06-11,Furniture,2,25.818731490319315,51.63746298063863
2021-06-04,Furniture,7,83.11873699460351,581.8311589622245
2021-05-19,Electronics,1,81.94513703616893,81.94513703616893
2023-10-11,Furniture,3,38.30595783314884,114.91787349944651
2023-11-10,Groceries,5,69.05330535374279,345.2665267687139
2023-07-04,Clothing,5,82.88786471516123,414.43932357580616
2021-08-28,Clothing,4,37.3868473312401,149.5473893249604
2023-01-01,Groceries,10,85.62859801205214,856.2859801205213
2022-02-16,Electronics,4,72.22693589075243,288.9077435630097
2021-05-25,Furniture,2,12.328073920628661,24.656147841257322
2022-11-18,Groceries,2,38.606417336709654,77.21283467341931
2021-05-22,Electronics,5,62.59784142000829,312.9892071000414
2022-02-20,Groceries,8,66.3252782820287,530.6022262562296
2021-01-01,Electronics,9,10.995854271408875,98.96268844267988
2023-10-03,Furniture,6,93.19454120708929,559.1672472425357
2021-04-22,Furniture,8,15.573033763564393,124.58427010851514
2021-02-01,Electronics,8,65.19894189182345,521.5915351345876
2023-05-16,Furniture,6,51.573525261099746,309.4411515665985
2023-09-25,Furniture,2,94.11815695307287,188.23631390614574
2022-02-09,Clothing,2,68.08890562505653,136.17781125011305
2022-03-26,Groceries,5,61.79461684737559,308.973084236878
2021-06-15,Furniture,2,92.35029071742302,184.70058143484604
2022-08-29,Groceries,3,26.60116623557392,79.80349870672177
2023-10-28,Clothing,7,95.0432435794554,665.3027050561878
2022-08-17,Clothing,4,92.52644665299029,370.10578661196115
2023-02-22,Furniture,1,28.083672606277975,28.083672606277975
2022-02-28,Groceries,3,86.47472471930436,259.42417415791306
2022-12-31,Electronics,10,22.602155846247562,226.02155846247564
2023-06-06,Electronics,6,82.37862292777578,494.2717375666547
2022-09-17,Electronics,9,53.5680349567447,482.11231461070224
2021-06-15,Furniture,10,10.062007286091557,100.62007286091557
2022-10-16,Electronics,8,43.50779925503655,348.0623940402924
2021-10-10,Furniture,2,54.236986376866476,108.47397275373295
2021-12-27,Furniture,8,26.651590862728078,213.21272690182462
2023-01-24,Furniture,9,71.54609953139301,643.9148957825371
2022-05-06,Clothing,4,72.90898870318314,291.63595481273256
2021-04-24,Electronics,1,72.86793585434073,72.86793585434073
2023-01-30,Groceries,1,55.966353854334415,55.966353854334415
2021-03-12,Electronics,8,81.75840120271769,654.0672096217415
2023-05-30,Clothing,3,79.20502029055874,237.6150608716762
2022-12-16,Furniture,9,92.93726404485909,836.4353764037319
2023-07-27,Clothing,9,36.306517115309006,326.75865403778107
2023-06-25,Clothing,9,75.52650430419159,679.7385387377243
2021-01-20,Electronics,3,57.51820036936255,172.55460110808767
2022-01-30,Furniture,4,97.40323346004485,389.6129338401794
2021-05-08,Furniture,5,31.58295652980969,157.91478264904845
2021-03-07,Groceries,2,59.247561907281536,118.49512381456307
2021-08-12,Clothing,7,18.440311263467766,129.08217884427435
2022-01-23,Furniture,9,80.95080701290051,728.5572631161047
2022-12-11,Electronics,6,63.949096216605156,383.69457729963096
2021-04-28,Furniture,1,59.58934889572422,59.58934889572422
2021-02-07,Clothing,8,11.733483825753513,93.8678706060281
2022-02-24,Electronics,7,50.398294296057,352.78806007239905
2022-07-05,Electronics,7,86.19330126559821,603.3531088591875
2023-08-14,Clothing,2,39.88628569654493,79.77257139308986
2023-10-17,Electronics,7,44.616585881437445,312.3161011700621
2022-08-22,Electronics,1,32.149325229468865,32.149325229468865
2021-04-03,Furniture,7,84.6566852743833,592.5967969206831
2022-08-19,Groceries,1,57.04757985581354,57.04757985581354
2022-01-08,Clothing,1,27.19166867277612,27.19166867277612
2023-03-19,Electronics,6,22.48184109038425,134.8910465423055
2023-01-19,Clothing,7,91.22134203076585,638.549394215361
2022-11-15,Clothing,8,48.29350414073754,386.3480331259003
2023-06-10,Clothing,9,51.468742013110734,463.2186781179966
2022-07-08,Clothing,3,85.35876497008239,256.07629491024716
2021-07-22,Furniture,9,95.17336720309468,856.5603048278522
2023-08-08,Electronics,3,44.81895099358095,134.45685298074284
2022-01-05,Furniture,3,64.23075662650174,192.69226987950523
2021-09-16,Electronics,7,37.508011364248915,262.55607954974244
2023-07-27,Furniture,5,69.81495583237785,349.07477916188924
2022-06-21,Furniture,5,15.154550612329032,75.77275306164516
2022-02-28,Electronics,7,51.54761002505547,360.8332701753883
2021-12-13,Clothing,1,17.104310444774665,17.104310444774665
2023-11-09,Groceries,9,96.99176147216077,872.925853249447
2023-01-30,Electronics,10,91.21553455636679,912.1553455636679
2022-07-05,Furniture,1,84.27457574081346,84.27457574081346
2022-09-19,Clothing,3,55.043803694072096,165.1314110822163
2022-06-27,Electronics,2,57.657252741527344,115.31450548305469
2023-03-23,Furniture,1,82.04702546370437,82.04702546370437
2022-04-14,Groceries,10,15.0295265650944,150.295265650944
2023-12-13,Furniture,10,70.90717407331191,709.0717407331191
2021-05-31,Electronics,9,19.932103388205135,179.3889304938462
2021-04-14,Clothing,9,40.42295822052303,363.80662398470724
2023-08-14,Electronics,8,61.86484022195715,494.9187217756572
2023-06-15,Furniture,4,96.46544795133975,385.861791805359
2022-02-06,Groceries,8,72.0013817041755,576.011053633404
2023-02-09,Electronics,6,66.95635561538597,401.73813369231584
2022-02-06,Clothing,9,18.80820374369052,169.27383369321467
2023-09-18,Electronics,6,45.41291194434395,272.4774716660637
2021-11-15,Electronics,4,30.579025221599565,122.31610088639826
2022-08-06,Furniture,6,29.387817817066086,176.3269069023965
2023-05-01,Electronics,2,12.161554165735769,24.323108331471538
2021-02-07,Groceries,4,20.527953937281108,82.11181574912443
2021-10-18,Electronics,9,67.25943677359206,605.3349309623285
2022-12-17,Clothing,1,49.31525818109907,49.31525818109907
2022-08-24,Groceries,2,48.00377420434373,96.00754840868746
2021-01-11,Furniture,5,94.42067638893593,472.10338194467965
2023-11-24,Clothing,4,93.11756542027427,372.4702616810971
2021-07-06,Electronics,10,60.44591210077277,604.4591210077277
2022-07-09,Furniture,3,20.597956461180274,61.79386938354082
2021-03-17,Clothing,3,68.63781232112196,205.91343696336588
2022-08-10,Furniture,10,96.59374285609367,965.9374285609367
2023-12-16,Furniture,4,82.62188335064354,330.4875334025742
2021-10-22,Groceries,4,82.12526455293161,328.50105821172644
2022-11-16,Furniture,10,45.0535352536199,450.53535253619896
2022-05-18,Electronics,8,92.02046763054787,736.163741044383
2022-07-04,Groceries,8,98.65544586879743,789.2435669503794
2023-08-07,Clothing,1,87.21497689417865,87.21497689417865
2022-10-25,Groceries,6,32.5282431804464,195.16945908267843
2023-09-15,Furniture,7,41.12262737798818,287.85839164591727
2023-11-26,Clothing,9,97.91877195300356,881.268947577032
2023-02-17,Furniture,2,33.54761261408441,67.09522522816881
2022-11-10,Electronics,2,83.44312861075183,166.88625722150366
2022-07-08,Clothing,10,27.486447781637615,274.86447781637617
2023-12-18,Electronics,8,12.766266587503088,102.1301327000247
2022-11-25,Groceries,10,15.093860143875098,150.938601438751
2023-01-03,Clothing,1,32.67151212776166,32.67151212776166
2022-12-22,Electronics,1,67.57109757621157,67.57109757621157
2023-11-06,Groceries,9,61.83308994840569,556.4978095356512
2022-04-01,Groceries,1,25.671663823167272,25.671663823167272
2021-06-18,Electronics,2,60.48109016617671,120.96218033235343
2021-06-24,Furniture,10,40.3286118093548,403.286118093548
2021-12-29,Clothing,10,20.005752394955877,200.05752394955877
2021-03-07,Furniture,8,69.62645318720438,557.011625497635
2021-06-16,Electronics,8,26.789510975742616,214.31608780594092
2021-05-05,Electronics,2,22.399462310511577,44.798924621023154
2023-04-10,Furniture,7,62.164720376101684,435.1530426327118
2021-06-10,Electronics,5,68.28172271876292,341.4086135938146
2022-10-05,Clothing,4,84.19054056978544,336.76216227914176
2021-07-25,Electronics,4,48.36754380345872,193.4701752138349
2022-06-19,Furniture,2,28.458441733087877,56.916883466175754
2022-08-10,Electronics,8,77.14965097464493,617.1972077971594
2023-09-18,Electronics,7,45.46376730080979,318.2463711056686
2022-04-15,Electronics,1,29.9816342179019,29.9816342179019
2023-07-20,Furniture,10,21.076373562524193,210.76373562524194
2021-11-24,Clothing,1,36.456415569767934,36.456415569767934
2023-12-25,Electronics,8,16.43524887706174,131.4819910164939
2023-11-04,Groceries,7,15.915294807970906,111.40706365579634
2021-03-14,Electronics,1,25.27411655447127,25.27411655447127
2021-02-25,Furniture,3,54.585182981884415,163.75554894565323
2022-04-04,Clothing,8,39.09801175804871,312.7840940643897
2022-01-30,Electronics,5,16.340155871416503,81.70077935708251
2021-04-17,Groceries,5,50.417706341337265,252.08853170668633
2023-09-25,Clothing,5,13.551200735724635,67.75600367862317
2023-03-07,Furniture,5,94.73155719600011,473.65778598000054
2022-12-24,Clothing,2,28.508689133908433,57.017378267816866
2021-05-19,Electronics,3,86.7721378640031,260.3164135920093
2023-01-11,Furniture,8,97.27684010014765,778.2147208011812
2022-03-31,Furniture,8,94.5393580421016,756.3148643368128
2022-11-26,Clothing,4,27.79399163971609,111.17596655886436
2022-11-02,Electronics,1,74.19250672198608,74.19250672198608
2023-09-15,Furniture,3,75.735710270348,227.20713081104398
2021-08-23,Furniture,6,75.66167927273048,453.9700756363829
2021-03-10,Groceries,3,91.51089704630567,274.532691138917
2022-09-07,Clothing,4,76.35308435880083,305.4123374352033
2023-09-26,Furniture,5,91.88049039314147,459.40245196570737
2022-04-02,Clothing,4,39.98720430067421,159.94881720269683
2021-10-07,Groceries,8,93.9971620746526,751.9772965972209
2022-08-15,Groceries,10,97.99164199972887,979.9164199972887
2023-11-20,Furniture,9,36.879019330472254,331.9111739742503
2022-04-09,Electronics,3,46.85776090494814,140.57328271484442
2023-05-30,Furniture,5,72.60562268930597,363.02811344652986
2023-08-20,Clothing,2,93.00930175293608,186.01860350587216
2023-11-04,Furniture,9,20.582234369281053,185.24010932352948
2023-03-17,Furniture,2,38.02638311563375,76.0527662312675
2021-11-02,Electronics,4,70.46087619105566,281.84350476422264
2023-08-23,Clothing,1,64.80491235673026,64.80491235673026
2023-06-25,Furniture,1,12.297839379160488,12.297839379160488
2021-05-27,Clothing,3,29.68173561946638,89.04520685839914
2021-10-25,Electronics,8,38.16586311421136,305.3269049136909
2022-04-07,Furniture,2,58.16586396956683,116.33172793913366
2023-09-02,Groceries,7,50.90018487303292,356.30129411123045
2022-05-31,Furniture,10,75.19729614558594,751.9729614558594
2022-01-30,Furniture,10,56.62219512744249,566.2219512744249
2022-11-27,Electronics,4,54.98349651612274,219.93398606449097
2022-11-20,Groceries,8,50.32380128524638,402.59041028197106
2023-05-16,Clothing,6,92.10247762376699,552.614865742602
2022-02-08,Furniture,4,52.28091434031036,209.12365736124144
2021-10-13,Clothing,3,13.979510776217928,41.938532328653785
2023-01-18,Electronics,5,89.88551132500808,449.42755662504044
2021-01-20,Clothing,4,53.544751188531436,214.17900475412574
2023-06-03,Electronics,6,61.476434569371385,368.8586074162283
2021-11-23,Furniture,6,89.0324325877366,534.1945955264196
2021-05-30,Furniture,2,86.0394351853004,172.0788703706008
2021-11-06,Clothing,8,32.866559061574776,262.9324724925982
2021-03-28,Furniture,4,44.04117640339161,176.16470561356644
2022-02-08,Groceries,9,45.49775831364119,409.47982482277075
2023-03-22,Groceries,4,69.32791495270916,277.31165981083666
2023-04-07,Groceries,3,82.40427731784058,247.21283195352174
2022-12-21,Electronics,8,29.5447004691541,236.3576037532328
2022-05-19,Electronics,4,39.07974288598715,156.3189715439486
2022-02-25,Furniture,9,93.39948323811515,840.5953491430364
2023-03-04,Electronics,8,25.80204969703729,206.41639757629832
2021-03-26,Groceries,6,81.92232103960696,491.5339262376417
2023-07-30,Electronics,7,74.30558717499785,520.139110224985
2023-06-24,Groceries,9,80.63687457619957,725.7318711857962
2021-09-17,Furniture,4,99.33850579838193,397.3540231935277
2022-02-18,Furniture,4,80.00464195630428,320.01856782521713
2022-07-21,Groceries,2,19.44320195270743,38.88640390541486
2021-11-19,Groceries,7,63.898603584274014,447.29022508991807
2023-06-25,Groceries,2,24.996213938313133,49.992427876626266
2021-06-27,Furniture,4,84.72318468169925,338.892738726797
2021-11-15,Groceries,7,76.732352175054,537.1264652253781
2022-07-03,Groceries,1,72.71512389351503,72.71512389351503
2022-03-26,Electronics,5,32.54875226698708,162.7437613349354
2021-10-17,Electronics,3,19.776662501776194,59.32998750532858
2021-09-20,Furniture,8,15.901038820227441,127.20831056181953
2021-04-04,Clothing,1,63.80799484877903,63.80799484877903
2023-03-04,Electronics,5,40.75271104262697,203.76355521313485
2021-07-31,Electronics,4,87.26892765071749,349.07571060286995
2023-09-18,Groceries,6,97.45781301126472,584.7468780675883
2023-05-29,Furniture,7,19.337296819125264,135.36107773387684
2023-10-28,Furniture,10,63.1293484821907,631.293484821907
2021-07-28,Groceries,7,63.70646640604925,445.9452648423448
2022-04-21,Electronics,6,64.48762990837528,386.9257794502517
2022-08-20,Electronics,3,70.82357133482503,212.4707140044751
2021-12-01,Clothing,10,59.75591186039969,597.5591186039969
2021-12-01,Furniture,8,90.07077609857045,720.5662087885636
2022-03-09,Furniture,2,79.6285390440794,159.2570780881588
2021-03-30,Furniture,5,54.205891438371786,271.0294571918589
2021-07-09,Furniture,7,46.16639746172497,323.1647822320748
2023-06-01,Electronics,5,82.73929192014393,413.69645960071966
2021-01-09,Clothing,2,50.73964913198238,101.47929826396476
2022-01-25,Groceries,10,73.35531382027187,733.5531382027187
2022-04-04,Furniture,8,10.431717876055986,83.45374300844789
2023-01-27,Clothing,4,83.3469346063014,333.3877384252056
2021-12-02,Clothing,9,95.14650797058793,856.3185717352914
2023-06-25,Clothing,5,66.43238946363905,332.1619473181953
2022-07-30,Furniture,3,43.350499224008686,130.05149767202607
2021-06-12,Furniture,6,92.03218289757709,552.1930973854626
2023-09-18,Groceries,1,43.65727937709799,43.65727937709799
2022-05-19,Groceries,3,19.523772847341462,58.571318542024386
2022-02-10,Clothing,6,62.46534289455332,374.7920573673199
2021-04-04,Furniture,6,31.03535395882806,186.21212375296835
2021-02-25,Groceries,2,67.02241022213519,134.04482044427039
2022-05-27,Groceries,7,55.774210390023846,390.41947273016694
2021-12-23,Furniture,9,51.02435024810494,459.21915223294445
2022-06-17,Furniture,4,48.13829234521646,192.55316938086585
2021-05-13,Furniture,4,53.5464582872925,214.18583314917
2023-11-28,Clothing,9,31.441536394770647,282.9738275529358
2022-03-05,Groceries,2,81.62099747146922,163.24199494293845
2022-12-28,Groceries,9,33.37696397922818,300.39267581305364
2022-03-21,Electronics,6,17.333229187164925,103.99937512298955
2022-04-28,Furniture,4,49.70407148308813,198.8162859323525
2023-05-07,Furniture,1,43.66679188700881,43.66679188700881
2021-02-27,Clothing,7,50.86232857818233,356.0363000472763
2021-08-06,Furniture,8,90.09217444585214,720.7373955668171
2022-03-08,Groceries,8,24.859906930911414,198.8792554472913
2023-12-03,Groceries,10,19.066850897646813,190.66850897646813
2022-04-30,Furniture,2,31.716820784490153,63.433641568980306
2022-03-10,Furniture,7,29.415973649809352,205.91181554866546
2021-04-22,Groceries,10,24.464735235576814,244.64735235576813
2022-09-22,Electronics,10,26.84848821037705,268.4848821037705
2021-04-10,Furniture,6,77.70063429177117,466.203805750627
2023-05-21,Electronics,6,24.711128561320933,148.2667713679256
2022-05-12,Clothing,1,33.72090665246033,33.72090665246033
2021-05-21,Clothing,5,70.78236873343792,353.9118436671896
2021-11-10,Clothing,5,24.44114758462549,122.20573792312746
2022-04-05,Groceries,10,17.76737319565575,177.6737319565575
2023-02-15,Electronics,8,17.017463235538443,136.13970588430755
2022-04-26,Furniture,7,22.560588559065614,157.9241199134593
2023-07-25,Electronics,9,75.58206904437951,680.2386213994156
2021-11-15,Groceries,8,24.4840639308604,195.8725114468832
2021-10-04,Electronics,9,54.58347523186196,491.2512770867576
2021-01-02,Clothing,10,30.2609693041121,302.609693041121
2022-03-02,Furniture,10,45.22979049428169,452.2979049428169
2023-12-28,Furniture,7,69.64209767195976,487.49468370371835
2021-04-25,Clothing,8,59.59452183127154,476.75617465017234
2022-09-10,Groceries,9,57.591114610808454,518.3200314972761
2021-03-13,Electronics,10,75.02931351755103,750.2931351755103
2022-06-04,Groceries,4,48.79779019249685,195.1911607699874
2022-07-04,Clothing,10,12.500398303002822,125.00398303002822
2023-08-15,Furniture,9,93.7401211925812,843.6610907332308
2023-01-03,Electronics,2,79.86174151374627,159.72348302749253
2021-01-13,Clothing,3,59.42089671819086,178.26269015457257
2023-05-03,Electronics,8,53.73263536491416,429.8610829193133
2023-10-13,Furniture,3,45.598751594699166,136.7962547840975
2022-09-13,Electronics,4,69.32406164679333,277.2962465871733
2022-09-25,Groceries,7,41.788573924508434,292.520017471559
2022-02-19,Groceries,4,69.55274369424248,278.2109747769699
2022-03-28,Groceries,1,95.1599165173681,95.1599165173681
2023-09-30,Electronics,3,37.95508034498447,113.8652410349534
2022-04-24,Groceries,4,31.081593976954117,124.32637590781647
2022-06-20,Clothing,7,48.59039406128249,340.1327584289774
2022-08-14,Furniture,3,67.26038967726275,201.78116903178824
2023-03-29,Electronics,2,18.383677013063853,36.767354026127705
2023-08-20,Electronics,6,66.54939359142942,399.29636154857656
2022-07-21,Furniture,3,91.52931453378324,274.5879436013497
2022-05-11,Electronics,10,26.08695202722598,260.8695202722598
2023-12-14,Furniture,5,49.24584138989622,246.2292069494811
2022-04-29,Groceries,5,80.93801248929576,404.6900624464788
2021-11-01,Electronics,2,95.0129759308523,190.0259518617046
2023-09-17,Clothing,1,78.05890962360833,78.05890962360833
2021-07-09,Electronics,1,28.205921067642645,28.205921067642645
2022-09-02,Clothing,9,52.347497104106196,471.12747393695577
2022-05-24,Groceries,10,77.41197230742615,774.1197230742615
2021-08-29,Furniture,9,68.58303858526187,617.2473472673569
2022-12-05,Clothing,7,74.01851152850654,518.1295806995457
2021-05-08,Clothing,1,78.15997009554303,78.15997009554303
2023-11-15,Electronics,3,83.54047959460462,250.62143878381386
2021-09-09,Furniture,5,18.93156181612595,94.65780908062975
2022-02-02,Groceries,6,27.91003475205128,167.4602085123077
2022-06-20,Clothing,5,46.4403979515832,232.201989757916
2023-04-01,Furniture,10,92.4211202876081,924.2112028760811
2021-05-06,Furniture,10,51.87482977549803,518.7482977549803
2022-11-29,Clothing,9,91.18924942373052,820.7032448135747
2023-09-15,Electronics,4,27.67134641245229,110.68538564980916
2022-04-07,Electronics,4,31.755341373565003,127.02136549426001
2023-01-21,Furniture,5,84.12157775454291,420.60788877271455
2023-04-10,Groceries,4,11.59945104666609,46.39780418666436
2021-02-20,Groceries,3,25.459839117782906,76.37951735334872
2021-01-14,Electronics,8,59.61745939980527,476.93967519844216
2022-10-05,Clothing,1,73.86737251818022,73.86737251818022
2022-11-04,Electronics,10,33.754182141339,337.54182141339004
2022-09-25,Electronics,3,50.75536898135554,152.26610694406662
2021-11-21,Electronics,1,40.78412917790192,40.78412917790192
2023-06-16,Furniture,5,24.26884755837365,121.34423779186825
2022-06-30,Groceries,9,73.55470895176744,661.992380565907
2022-01-04,Furniture,5,32.0828779033703,160.41438951685151
2021-06-12,Furniture,4,65.27321811645427,261.0928724658171
2023-06-24,Groceries,10,68.68812076010238,686.8812076010238
2021-08-13,Furniture,3,73.61024940891122,220.83074822673365
2023-07-25,Groceries,1,15.690263868667433,15.690263868667433
2023-09-18,Groceries,1,82.18176058968072,82.18176058968072
2021-07-02,Furniture,8,96.53595741540977,772.2876593232781
2023-06-17,Furniture,7,35.280680232176145,246.96476162523302
2021-05-20,Groceries,7,14.036689069298234,98.25682348508764
2022-10-07,Groceries,8,95.78156671043115,766.2525336834492
2023-05-11,Furniture,9,96.49855119715818,868.4869607744236
2022-12-31,Groceries,3,50.98961718477871,152.96885155433614
2022-05-16,Groceries,1,69.39251635553913,69.39251635553913
2021-05-09,Clothing,9,38.348110889739985,345.13299800765986
2022-09-08,Groceries,2,30.834964693143185,61.66992938628637
2021-12-25,Electronics,8,77.83167038160745,622.6533630528596
2021-09-11,Groceries,5,36.05301100203569,180.26505501017846
2023-04-10,Groceries,6,56.92711822707457,341.56270936244744
2022-05-15,Electronics,6,18.781317229456228,112.68790337673737
2021-12-21,Groceries,3,30.184268427171485,90.55280528151445
2021-01-12,Electronics,10,76.0660645242924,760.660645242924
2022-12-29,Electronics,1,85.19356333033139,85.19356333033139
2023-08-09,Furniture,4,63.91844185765004,255.67376743060015
2022-04-11,Clothing,5,23.650130861274484,118.25065430637241
2023-03-13,Furniture,3,39.172573165457806,117.51771949637342
2021-10-05,Clothing,5,38.33137355984954,191.6568677992477
2023-05-16,Electronics,3,44.29218670508246,132.87656011524737
2021-03-14,Furniture,6,34.96155776601984,209.76934659611902
2022-09-28,Clothing,1,98.1879903945584,98.1879903945584
2023-03-13,Electronics,9,69.87402461312868,628.8662215181581
2021-05-25,Groceries,7,29.86750435020121,209.07253045140845
2023-03-26,Clothing,4,66.73210596400438,266.9284238560175
2022-08-28,Groceries,9,88.14172388859969,793.2755149973972
2022-07-13,Electronics,10,45.895114664279035,458.9511466427904
2023-01-12,Groceries,3,16.44429331539967,49.33287994619901
2022-11-01,Groceries,7,29.119823062765935,203.83876143936155
2022-12-17,Furniture,8,74.51270168191559,596.1016134553247
2022-10-07,Furniture,5,90.98946783090173,454.94733915450865
2021-06-11,Groceries,9,23.361080483792932,210.2497243541364
2023-08-30,Furniture,9,85.80679005238001,772.2611104714201
2021-07-03,Groceries,4,87.42872979540726,349.71491918162906
2022-04-10,Groceries,1,14.105864008072132,14.105864008072132
2022-06-12,Groceries,4,40.78556424559794,163.14225698239176
2023-04-27,Groceries,9,22.976509904222922,206.7885891380063
2021-07-29,Furniture,6,96.67529713708103,580.0517828224862
2021-01-08,Clothing,10,11.55175676179238,115.51756761792379
2022-01-15,Electronics,10,62.56914563835806,625.6914563835805
2021-09-16,Furniture,4,19.723351270405573,78.89340508162229
2022-07-27,Electronics,1,31.46097653975519,31.46097653975519
2023-04-26,Groceries,9,38.59940104957738,347.39460944619645
2023-05-31,Furniture,7,13.752653454073341,96.26857417851339
2022-06-08,Electronics,6,39.11077375814705,234.66464254888228
2021-10-06,Electronics,5,27.119235912065562,135.5961795603278
2021-01-24,Furniture,9,97.399693393659,876.5972405429311
2023-12-26,Electronics,9,21.676797746869337,195.09117972182403
2023-02-23,Furniture,10,58.202091518235434,582.0209151823543
2022-05-07,Electronics,3,30.03302901623303,90.09908704869909
2021-02-11,Clothing,4,40.65651359553961,162.62605438215843
2023-02-14,Furniture,7,14.732482511555046,103.12737758088532
2022-08-09,Electronics,3,17.07707381145658,51.231221434369736
2023-08-09,Groceries,6,91.82278276953761,550.9366966172256
2021-01-15,Electronics,2,84.8419469912897,169.6838939825794
2023-05-11,Clothing,10,24.463291683818206,244.63291683818204
2021-03-04,Electronics,7,63.2897673250336,443.0283712752352
2022-08-23,Groceries,1,11.692612873139941,11.692612873139941
2022-01-02,Clothing,7,78.83519731411684,551.8463811988179
2021-05-14,Furniture,2,93.75178288121182,187.50356576242365
2022-03-28,Groceries,8,25.528970926513907,204.23176741211125
2022-12-26,Electronics,1,55.543820282664235,55.543820282664235
2023-07-21,Electronics,2,58.31948868222156,116.63897736444312
2023-04-22,Furniture,3,77.41184575612222,232.23553726836667
2022-03-02,Furniture,8,21.83117174052461,174.64937392419688
2023-01-06,Furniture,5,21.42075911819412,107.1037955909706
2022-10-02,Clothing,4,59.157141244279835,236.62856497711934
2021-12-29,Electronics,8,98.9361019969537,791.4888159756296
2022-10-01,Groceries,10,29.146619221177485,291.46619221177485
2023-08-11,Clothing,6,95.76293143977755,574.5775886386652
2022-11-05,Clothing,7,86.28740757537092,604.0118530275964
2022-05-11,Groceries,1,22.681449453666488,22.681449453666488
2023-04-25,Clothing,4,60.68218357417026,242.72873429668104
2023-02-21,Electronics,7,24.85705234051771,173.99936638362396
2022-05-18,Clothing,1,61.44406352468727,61.44406352468727
2023-05-19,Furniture,4,74.24622816940496,296.98491267761983
2023-04-15,Electronics,3,72.23879712644785,216.71639137934355
2021-02-05,Clothing,1,26.204811663245156,26.204811663245156
2022-10-30,Furniture,1,18.621438483513252,18.621438483513252
2023-09-13,Clothing,2,52.68574176782007,105.37148353564014
2022-04-14,Furniture,4,60.260997353415114,241.04398941366046
2021-06-20,Groceries,4,75.25101368008846,301.00405472035385
2022-05-11,Electronics,7,65.657345592233,459.601419145631
2021-10-07,Clothing,2,89.79882069802575,179.5976413960515
2023-12-13,Groceries,3,17.986704276805803,53.96011283041741
2023-02-26,Furniture,6,10.2600941493266,61.5605648959596
2022-05-07,Groceries,8,54.497296086470136,435.9783686917611
2022-11-26,Clothing,7,49.39316252705961,345.7521376894173
2023-06-02,Electronics,6,82.0010985310726,492.00659118643557
2022-09-02,Groceries,7,98.7602493814876,691.3217456704132
2022-02-07,Groceries,9,81.88747944750038,736.9873150275034
2022-06-01,Groceries,7,58.824274944578505,411.7699246120495
2023-04-19,Electronics,10,19.14803158905884,191.48031589058837
2021-09-06,Groceries,8,94.34085261555444,754.7268209244355
2023-08-05,Groceries,6,54.30367058666249,325.82202351997495
2023-07-08,Furniture,3,26.828945491623656,80.48683647487097
2021-06-20,Groceries,5,50.9650968191464,254.825484095732
2023-10-22,Electronics,5,92.85829330760603,464.29146653803014
2022-03-27,Electronics,2,45.470634088424596,90.94126817684919
2023-07-06,Clothing,4,49.787438826032144,199.14975530412858
2022-03-20,Furniture,2,55.4534626419643,110.9069252839286
2022-02-18,Clothing,4,58.36743135874948,233.4697254349979
2023-11-22,Clothing,2,16.382943482439618,32.765886964879236
2022-03-14,Groceries,10,62.60893727080325,626.0893727080326
2023-04-19,Clothing,6,54.914480039060386,329.48688023436233
2021-11-01,Clothing,5,28.1273622909482,140.636811454741
2021-01-25,Electronics,2,61.56187072868754,123.12374145737508
2022-06-08,Groceries,3,84.76457336349948,254.29372009049843
2023-06-18,Electronics,8,10.34438883500622,82.75511068004975
2023-12-23,Electronics,2,34.78987236633817,69.57974473267635
2023-12-12,Clothing,5,88.53658702845003,442.68293514225013
2021-11-07,Groceries,7,94.62544379502822,662.3781065651975
2023-10-12,Electronics,2,49.48478172381961,98.96956344763922
2021-09-10,Groceries,3,47.86849564755869,143.60548694267607
2023-01-23,Clothing,6,82.39673443382614,494.38040660295684
2021-08-20,Groceries,1,59.942312163293124,59.942312163293124
2023-11-26,Electronics,10,51.39228468943834,513.9228468943834
2021-10-16,Furniture,2,86.49145411661081,172.98290823322162
2022-04-07,Electronics,7,48.81046684577667,341.67326792043673
2021-10-19,Electronics,4,97.59424154321502,390.3769661728601
2022-09-29,Clothing,4,32.65863724025651,130.63454896102604
2022-01-22,Electronics,1,31.41670669249845,31.41670669249845
2022-11-21,Electronics,5,91.37561352393327,456.87806761966635
2023-01-02,Clothing,1,34.041815290948655,34.041815290948655
2023-02-27,Furniture,4,78.65957959585732,314.6383183834293
2021-01-17,Furniture,2,64.45602820890457,128.91205641780914
2023-03-20,Furniture,6,70.62417276045912,423.7450365627547
2023-08-10,Groceries,7,70.6334117394328,494.4338821760296
2023-10-05,Furniture,2,67.56253441966523,135.12506883933045
2022-04-15,Groceries,3,20.619138516809915,61.85741555042975
2023-01-23,Groceries,6,38.969420657791375,233.81652394674825
2023-11-03,Clothing,8,52.803319592237976,422.4265567379038
2022-05-22,Furniture,7,37.12659925467645,259.8861947827352
2023-11-18,Clothing,1,38.3248899254688,38.3248899254688
2022-02-22,Clothing,10,50.58223303068104,505.8223303068104
2022-10-18,Electronics,4,98.94277885781389,395.77111543125557
2022-06-14,Clothing,3,45.27229920624172,135.81689761872516
2023-05-09,Furniture,2,90.18284486292121,180.36568972584243
2023-03-05,Groceries,10,43.3738928664644,433.73892866464405
2022-12-11,Clothing,3,45.876702637506945,137.63010791252083
2021-10-17,Electronics,5,11.194858099384216,55.974290496921085
2023-02-05,Furniture,10,95.38454465564676,953.8454465564677
2021-05-11,Electronics,7,86.64229335184189,606.4960534628932
2023-06-06,Clothing,9,73.61976728008358,662.5779055207522
2022-06-02,Furniture,10,64.20496350524365,642.0496350524365
2022-06-09,Electronics,7,89.70787888881033,627.9551522216723
2023-02-22,Clothing,10,56.97811938863984,569.7811938863983
2021-11-29,Furniture,7,54.130875669903965,378.91612968932776
2021-11-05,Groceries,6,72.89695029089643,437.38170174537856
2023-04-16,Electronics,4,40.8995312079993,163.5981248319972
2021-03-26,Groceries,8,70.68297174655387,565.463773972431
2022-06-22,Furniture,2,59.08126489795766,118.16252979591532
2023-02-16,Electronics,7,59.937907674401316,419.5653537208092
2021-10-08,Clothing,2,64.1380311653777,128.2760623307554
2022-08-07,Clothing,10,68.96137763377797,689.6137763377797
2023-08-04,Furniture,10,77.6897009339135,776.897009339135
2022-04-26,Clothing,8,78.21770540494771,625.7416432395817
2022-11-28,Clothing,10,17.480120990110503,174.80120990110504
2023-07-27,Electronics,3,63.87244033093634,191.61732099280903
2023-02-11,Clothing,8,76.28887441000603,610.3109952800482
2022-08-15,Furniture,10,84.03570680867358,840.3570680867358
2023-03-30,Clothing,9,40.68168378577033,366.135154071933
2022-07-11,Clothing,5,80.11919686127636,400.5959843063818
2021-10-06,Furniture,3,22.710269759157974,68.13080927747393
2022-07-07,Clothing,8,13.568869799263378,108.55095839410703
2023-07-10,Groceries,4,82.35553944605032,329.42215778420126
2021-04-17,Furniture,8,84.94758514031888,679.580681122551
2022-03-09,Clothing,3,17.534406930237044,52.603220790711134
2023-05-14,Electronics,6,92.65705424702027,555.9423254821216
2021-11-18,Electronics,2,85.32348906128004,170.64697812256009
2023-09-04,Clothing,10,97.21578616115912,972.1578616115912
2021-06-09,Electronics,3,63.05931056586046,189.17793169758136
2022-12-14,Clothing,1,82.75682859879667,82.75682859879667
2021-12-23,Furniture,4,48.88075442402934,195.52301769611736
2023-06-27,Furniture,6,71.18576137975967,427.114568278558
2023-12-05,Clothing,10,96.7981834533041,967.981834533041
2022-07-19,Electronics,8,12.325119428966879,98.60095543173503
2023-01-24,Electronics,9,18.017681608933685,162.15913448040317
2022-01-02,Groceries,9,76.6643163152284,689.9788468370557
2022-07-14,Electronics,1,71.92765094793415,71.92765094793415
2021-08-20,Furniture,7,78.28307603977122,547.9815322783985
2022-10-19,Electronics,5,67.73301770461183,338.6650885230591
2021-07-16,Clothing,4,50.019286615140615,200.07714646056246
2022-03-14,Furniture,2,73.89024180761672,147.78048361523344
2022-09-14,Electronics,2,72.25333527503176,144.50667055006352
2022-11-09,Groceries,2,65.3464737763851,130.6929475527702
2023-06-01,Clothing,2,62.90994571737492,125.81989143474983
2022-02-21,Clothing,10,93.88438707101626,938.8438707101626
2021-03-13,Electronics,3,48.8655023188022,146.59650695640659
2023-04-29,Electronics,5,32.09023501213548,160.4511750606774
2023-09-20,Furniture,4,67.86591494166765,271.4636597666706
2023-07-14,Electronics,3,43.75925955397601,131.27777866192804
2023-12-02,Clothing,2,70.22306417814295,140.4461283562859
2022-08-05,Groceries,1,62.62701256200908,62.62701256200908
2022-01-06,Furniture,6,62.88157205035273,377.2894323021164
2023-12-14,Clothing,8,74.13642084119027,593.0913667295222
2022-10-03,Groceries,1,26.256892758514788,26.256892758514788
2023-12-05,Clothing,4,53.790884225037125,215.1635369001485
2022-01-10,Furniture,1,15.214474602170828,15.214474602170828
2023-11-04,Groceries,10,55.99564417759865,559.9564417759865
2023-07-27,Groceries,10,30.47490661942528,304.7490661942528
2023-10-28,Groceries,4,59.184112530108585,236.73645012043434
2022-09-14,Furniture,7,43.071956421740516,301.5036949521836
2021-02-09,Groceries,10,13.662129327980566,136.62129327980566
2021-11-03,Clothing,9,39.62947037769936,356.66523339929427
2022-02-25,Furniture,1,64.15197379141041,64.15197379141041
2022-10-07,Furniture,9,98.95008665453337,890.5507798908003
2023-03-30,Furniture,1,30.48705535814522,30.48705535814522
2022-06-22,Electronics,8,12.54795198800063,100.38361590400504
2021-02-14,Electronics,4,89.48458792099993,357.9383516839997
2023-07-18,Furniture,4,36.64532845073403,146.5813138029361
2021-07-01,Clothing,4,60.2439391879134,240.9757567516536
2021-02-04,Clothing,2,96.91141006567325,193.8228201313465
2022-11-19,Groceries,8,76.00110867763176,608.0088694210541
2022-05-11,Furniture,9,46.87945101148326,421.91505910334934
2021-03-18,Groceries,8,61.52252908113683,492.18023264909465
2021-10-07,Electronics,10,84.691907426193,846.91907426193
2021-10-07,Electronics,7,11.795428415589363,82.56799890912555
2021-07-29,Groceries,1,66.51716220378984,66.51716220378984
2023-05-18,Clothing,8,78.59371589167215,628.7497271333772
2023-09-03,Electronics,7,52.1576655386631,365.10365877064174
2021-12-30,Groceries,10,33.24695869614662,332.46958696146623
2023-01-03,Electronics,5,89.62061999949576,448.1030999974788
2022-12-02,Groceries,7,11.255651367554442,78.7895595728811
2023-07-23,Clothing,6,60.91284753518991,365.47708521113947
2023-08-14,Electronics,2,12.044720594812091,24.089441189624182
2023-05-08,Clothing,6,35.59343906784463,213.56063440706777
2023-04-01,Furniture,10,96.85869339310425,968.5869339310425
2023-08-07,Clothing,10,63.40011422232143,634.0011422232143
2023-01-01,Electronics,2,65.62222857898465,131.2444571579693
2021-11-18,Furniture,2,38.15051333961343,76.30102667922687
2023-08-11,Electronics,4,15.283891963289378,61.13556785315751
2021-05-06,Groceries,1,32.20597245719317,32.20597245719317
2021-10-30,Electronics,1,99.78951655292187,99.78951655292187
2022-10-14,Furniture,1,66.47252781247786,66.47252781247786
2022-08-02,Clothing,3,27.384370522091107,82.15311156627332
2021-12-13,Clothing,6,87.82650024969686,526.9590014981811
2023-02-14,Clothing,5,29.71983859813318,148.5991929906659
2021-07-12,Furniture,2,56.6291734866967,113.2583469733934
2023-09-15,Electronics,5,27.983415533811225,139.91707766905614
2022-04-06,Clothing,4,23.381100183941726,93.5244007357669
2022-05-30,Clothing,2,74.82687051324433,149.65374102648866
2022-03-08,Groceries,7,96.6765641295409,676.7359489067863
2023-07-15,Electronics,3,93.59243674361475,280.77731023084425
2023-11-28,Furniture,8,75.46970180680945,603.7576144544756
2021-12-24,Furniture,10,21.313841350139132,213.1384135013913
2023-06-17,Clothing,1,91.60260858039352,91.60260858039352
2023-08-18,Furniture,10,25.492431025373595,254.92431025373594
2023-07-17,Electronics,10,21.62958774516307,216.2958774516307
2023-09-17,Clothing,5,67.4443030039682,337.22151501984104
2023-12-19,Groceries,4,17.530521568129696,70.12208627251879
2021-09-19,Clothing,1,93.00555674319894,93.00555674319894
2023-01-20,Furniture,3,35.795228114545466,107.3856843436364
2023-04-17,Furniture,1,84.54119558526945,84.54119558526945
2023-05-16,Clothing,2,26.23764560175838,52.47529120351676
2021-04-11,Electronics,9,11.726279965654646,105.53651969089181
2023-03-21,Groceries,8,18.865903141146454,150.92722512917163
2022-09-27,Groceries,5,37.489597305123034,187.44798652561516
2022-11-04,Clothing,10,26.731082258544554,267.3108225854455
2023-06-04,Groceries,4,60.56880653653354,242.27522614613417
2023-06-21,Groceries,7,62.53560225892481,437.74921581247366
2022-12-20,Furniture,4,41.318776090446974,165.2751043617879
2023-12-01,Electronics,5,98.30489029222133,491.52445146110665
2023-11-20,Groceries,8,42.809850791155725,342.4788063292458
2022-08-07,Groceries,5,85.99238005790146,429.9619002895073
2023-11-06,Electronics,3,65.01080513887268,195.03241541661805
2023-06-27,Electronics,5,60.10617500200077,300.53087501000385
2021-04-02,Furniture,4,77.58790313165181,310.35161252660725
2023-02-18,Clothing,1,12.714400559189341,12.714400559189341
2023-01-03,Clothing,7,70.73601431810629,495.152100226744
2021-07-05,Electronics,4,30.67881165510511,122.71524662042044
2023-06-13,Clothing,6,20.101828828052547,120.61097296831528
2021-05-27,Furniture,4,52.54970191886829,210.19880767547315
2021-08-16,Clothing,5,87.43303818003714,437.16519090018573
2023-12-29,Furniture,2,89.89301225736496,179.78602451472992
2021-09-28,Groceries,10,38.1437110241966,381.43711024196597
2022-10-23,Electronics,2,95.89175349855056,191.7835069971011
2021-09-09,Furniture,1,42.4311861508132,42.4311861508132
2023-10-15,Electronics,2,12.682783771691632,25.365567543383264
2021-05-29,Clothing,9,53.442698336548055,480.9842850289325
2022-08-29,Groceries,10,51.98271058920976,519.8271058920976
2023-02-19,Groceries,5,43.54091040807945,217.70455204039723
2021-02-27,Clothing,8,35.203785522515744,281.63028418012595
2023-10-09,Groceries,6,20.308761505683254,121.85256903409953
2021-01-24,Electronics,5,38.240668471085854,191.20334235542927
2022-06-06,Clothing,7,42.88500570914324,300.1950399640027
2023-03-30,Electronics,10,59.21519510824896,592.1519510824896
2022-10-07,Clothing,5,50.95218247103669,254.76091235518345
2023-07-02,Electronics,8,57.08220736376761,456.65765891014087
2023-09-03,Clothing,4,51.658891036919925,206.6355641476797
2022-11-06,Clothing,5,49.78439905719374,248.9219952859687
2022-12-01,Electronics,6,99.67088328759397,598.0252997255639
2021-01-19,Clothing,7,52.275950376622255,365.9316526363558
2022-12-16,Groceries,1,80.62748407581772,80.62748407581772
2022-05-01,Groceries,7,95.74156471674664,670.1909530172264
2023-12-27,Groceries,4,63.39467323398859,253.57869293595436
2022-01-07,Electronics,3,16.39911225304954,49.19733675914863
2023-07-04,Electronics,2,88.34902025688697,176.69804051377395
2022-08-26,Clothing,10,92.63920152351193,926.3920152351193
2022-06-05,Electronics,2,41.63294719539688,83.26589439079376
2023-03-04,Clothing,1,28.933691455446223,28.933691455446223
2023-05-13,Clothing,3,25.93750954265467,77.81252862796401
2021-03-31,Clothing,4,85.96535900452388,343.8614360180955
2023-05-02,Furniture,4,88.34554500412823,353.3821800165129
2021-03-17,Groceries,3,72.70820396317467,218.124611889524
2023-06-07,Electronics,5,63.91884677318338,319.5942338659169
2022-08-07,Electronics,6,59.03703623458065,354.22221740748387
2021-01-31,Clothing,8,27.443584820002698,219.54867856002159
2022-11-07,Groceries,10,88.72076171649165,887.2076171649165
2021-04-25,Electronics,6,25.844018698037168,155.06411218822302
2023-08-07,Clothing,5,58.240134034805294,291.20067017402647
2022-12-05,Furniture,3,80.57797173739984,241.73391521219952
2021-07-10,Electronics,10,86.64906989051451,866.4906989051451
2022-08-10,Furniture,2,88.22077186883472,176.44154373766943
2022-03-15,Groceries,3,59.58938180486039,178.76814541458117
2021-10-18,Clothing,9,38.05607151761364,342.50464365852275
2021-10-21,Groceries,2,64.31219189920841,128.62438379841683
2021-08-06,Groceries,1,48.78267443503729,48.78267443503729
2021-05-07,Groceries,4,78.08904858326436,312.35619433305743
2022-05-04,Groceries,8,38.094775016281886,304.7582001302551
2023-08-16,Furniture,8,18.56505232256969,148.52041858055753
2023-04-08,Electronics,5,78.78089489440202,393.9044744720101
2023-05-08,Furniture,7,62.551806025144636,437.86264217601246
2022-09-26,Clothing,6,36.161482281428455,216.96889368857074
2021-05-04,Furniture,4,34.62594728192663,138.5037891277065
2022-12-01,Electronics,10,84.21181415787537,842.1181415787537
2023-03-07,Groceries,5,20.635818827184963,103.17909413592481
2023-07-25,Furniture,3,41.27122400263356,123.81367200790068
2023-07-26,Furniture,10,42.471610339713024,424.71610339713027
2021-09-25,Groceries,10,95.69611819083921,956.9611819083922
2022-07-19,Groceries,4,84.84414119769005,339.3765647907602
2022-05-13,Groceries,5,10.29900681019156,51.4950340509578
2022-04-23,Groceries,8,25.38716067541127,203.09728540329016
2021-11-09,Clothing,9,33.476962755671394,301.2926648010425
2021-11-25,Electronics,10,40.073168971938294,400.7316897193829
2022-06-08,Clothing,2,63.13473837050829,126.26947674101658
2023-06-10,Groceries,2,87.71460949693058,175.42921899386116
2023-02-08,Furniture,6,73.57561509039323,441.45369054235937
2023-02-08,Groceries,4,61.67203030453141,246.68812121812564
2023-07-29,Electronics,1,98.96653291963025,98.96653291963025
2022-03-29,Electronics,1,79.45086109508718,79.45086109508718
2023-12-03,Furniture,8,32.9159184778907,263.3273478231256
2023-06-20,Clothing,4,18.268053294917436,73.07221317966975
2021-06-22,Groceries,9,98.28061469344576,884.5255322410118
2021-02-20,Clothing,10,20.110061906205637,201.10061906205635
2023-07-16,Clothing,2,46.1924923865999,92.3849847731998
2023-03-09,Furniture,7,69.10203732382638,483.71426126678466
2022-07-27,Groceries,2,32.886490674208915,65.77298134841783
2023-07-24,Clothing,3,35.33949613688692,106.01848841066077
2022-12-28,Furniture,2,54.7671049401032,109.5342098802064
2021-08-12,Groceries,4,15.838324894328718,63.35329957731487
2021-02-08,Groceries,2,57.67284684067374,115.34569368134748
2022-08-11,Furniture,2,74.63086161587184,149.26172323174367
2021-05-22,Electronics,7,54.99528100645897,384.96696704521275
2021-11-13,Clothing,5,79.51510079653062,397.5755039826531
2023-11-23,Clothing,7,91.98095211890686,643.866664832348
2023-11-26,Electronics,10,70.9482384414205,709.482384414205
2022-05-06,Clothing,8,15.440534614135249,123.52427691308199
2021-07-17,Electronics,2,60.58338424684638,121.16676849369276
2021-03-07,Electronics,9,68.89225065297603,620.0302558767843
2023-06-25,Furniture,5,39.51509272039544,197.5754636019772
2021-12-02,Groceries,10,87.47298251402331,874.7298251402332
2023-11-14,Electronics,4,96.67598317935904,386.70393271743615
2021-12-31,Groceries,9,55.628044204643984,500.65239784179585
2023-03-17,Clothing,1,83.24364076929297,83.24364076929297
2023-11-06,Groceries,8,31.227289107216002,249.81831285772802
2021-02-21,Electronics,6,86.17789525645566,517.0673715387339
2023-09-28,Clothing,8,78.93090592503616,631.4472474002893
2022-12-09,Furniture,9,22.57330978026002,203.15978802234017
2022-09-17,Electronics,7,99.28044056395629,694.963083947694
2022-10-07,Electronics,3,83.09406785144118,249.28220355432353
2023-02-07,Electronics,1,98.72681039499106,98.72681039499106
2021-09-05,Clothing,6,80.70541862765737,484.2325117659442
2023-11-23,Clothing,2,75.80994216906691,151.61988433813383
2021-06-27,Furniture,9,69.83364626825562,628.5028164143006
2021-01-13,Electronics,7,68.04476494742767,476.31335463199366
2022-10-03,Groceries,3,90.05908738457366,270.17726215372096
2023-05-19,Groceries,10,37.84445966917252,378.4445966917252
2023-09-01,Groceries,5,59.869872588596884,299.34936294298444
2022-05-20,Groceries,10,12.903042936664978,129.03042936664977
2023-06-11,Furniture,9,63.98924505247431,575.9032054722688
2022-10-06,Groceries,3,69.45468709366203,208.3640612809861
2022-09-14,Clothing,5,20.43774485953749,102.18872429768744
2023-03-17,Clothing,10,41.310208737761855,413.10208737761855
2023-08-30,Groceries,9,29.348863741103184,264.1397736699287
2023-04-27,Furniture,3,65.38247811246026,196.1474343373808
2023-08-22,Clothing,7,15.155282724852867,106.08697907397007
